veh_42_co2_gpmi,veh_42_cost_dollars
46.80685889,55507.92333
49.288544163333334,54129.55108140743
51.77022943666667,52751.17883281486
54.25191471,51372.80658422229
56.733599983333335,49994.434335629725
59.21528525666666,48826.714212591825
61.696970529999994,47996.03749
64.17865580333333,47165.36076740818
66.66034107666667,46539.61351666488
69.14202635,46152.33107
