veh_46_co2_gpmi,veh_46_cost_dollars
46.80685889,54950.60577
46.80685889,54950.60577
46.80685889,54950.60577
46.80685889,54950.60577
46.80685889,54950.60577
