veh_5_co2_gpmi,veh_5_cost_dollars
32.07185966,35054.09556
34.053894745,33665.33714625776
36.03592983,32276.578732515525
38.017964915,31276.034872715456
40.0,30527.40514241739
