veh_37_co2_gpmi,veh_37_cost_dollars
36.50532427,31980.8371
36.50532427,31980.8371
36.50532427,31980.8371
36.50532427,31980.8371
36.50532427,31980.8371
