veh_52_co2_gpmi,veh_52_cost_dollars
237.604252,43134.330689999995
273.60795875,39794.22900281077
309.6116655,39239.00846330361
345.61537225,38816.35793159163
381.619079,38496.14616
