veh_37_co2_gpmi,veh_37_cost_dollars
36.50532427,31980.8371
38.665088440000005,30514.440203310976
40.82485261,29048.04330662196
42.98461678,28038.14481
45.14438095,27392.79038
