veh_50_co2_gpmi,veh_50_cost_dollars
46.80685889,54403.06924
52.390650755,51315.29853266763
57.97444262,48227.52782533526
63.558234485,46297.21445805604
69.14202635,45071.32307
