veh_13_co2_gpmi,veh_13_cost_dollars
33.82851545,34240.6866
35.98827962,32734.41589147251
38.14804379,31228.14518294502
40.30780796,30251.492528038663
42.46757213,29601.97355
