veh_45_co2_gpmi,veh_45_cost_dollars
36.50532427,31283.11058
38.665088440000005,29824.744583317737
40.82485261,28366.37858663548
42.98461678,27359.957423333333
45.14438095,26714.44399
