veh_25_co2_gpmi,veh_25_cost_dollars
36.50532427,33078.26627
38.665088440000005,31600.32658239217
40.82485261,30122.386894784344
42.98461678,29107.86214
45.14438095,28463.40475
