veh_48_co2_gpmi,veh_48_cost_dollars
237.604252,43405.17944
273.60795875,40045.64114422048
309.6116655,39483.88008317526
345.61537225,39056.294046702555
381.619079,38732.38699
