veh_46_co2_gpmi,veh_46_cost_dollars
46.80685889,54950.60577
52.390650755,51855.958148792175
57.97444262,48761.31052758434
63.558234485,46829.936618681095
69.14202635,45606.52449
