veh_29_co2_gpmi,veh_29_cost_dollars
36.50532427,32705.46217
37.46521945666667,32050.27876944844
38.42511464333334,31395.095368896873
39.38500983,30739.911968345314
40.344905016666665,30084.72856779375
41.304800203333336,29442.353442087133
42.26469539,29043.33551708496
43.224590576666664,28644.31759208279
44.184485763333335,28295.45309970399
45.14438095,28099.2243
