veh_9_co2_gpmi,veh_9_cost_dollars
32.9920127,34643.42186
33.95190788555555,33972.38980048183
34.91180307111111,33301.35774096366
35.87169825666666,32630.325681445483
36.83159344222222,31959.293621927307
37.791488627777774,31360.546427465455
38.751383813333334,30952.36842095495
39.711278998888886,30544.19041444445
40.67117418444444,30190.102152190597
41.63106937,29997.4698
