veh_53_co2_gpmi,veh_53_cost_dollars
36.50532427,30611.04307
37.46521945666667,29966.558845215022
38.42511464333334,29322.07462043004
39.38500983,28677.590395645064
40.344905016666665,28033.10617086009
41.304800203333336,27401.0507437664
42.26469539,27005.14245209036
43.224590576666664,26609.23416041432
44.184485763333335,26261.99338414712
45.14438095,26062.86609
