veh_48_co2_gpmi,veh_48_cost_dollars
237.604252,43405.17944
241.897869125,42730.07780650384
246.19148625,42054.97617300768
250.485103375,41379.874539511526
254.7787205,40802.19578065447
