veh_17_co2_gpmi,veh_19_co2_gpmi,veh_19_cost_dollars,veh_17_cost_dollars
34.69290164,139.212063,29069.77286,33845.70297
34.69290164,149.59843209375,27983.626156219627,33845.70297
34.69290164,159.9848011875,27528.870768544104,33845.70297
34.69290164,170.37117028125,27184.980933972383,33845.70297
34.69290164,180.757539375,26841.091099400663,33845.70297
34.4768050925,139.212063,29069.77286,33994.31244866286
34.4768050925,149.59843209375,27983.626156219627,33994.31244866286
34.4768050925,159.9848011875,27528.870768544104,33994.31244866286
34.4768050925,170.37117028125,27184.980933972383,33994.31244866286
34.4768050925,180.757539375,26841.091099400663,33994.31244866286
34.260708545,139.212063,29069.77286,34142.92192732572
34.260708545,149.59843209375,27983.626156219627,34142.92192732572
34.260708545,159.9848011875,27528.870768544104,34142.92192732572
34.260708545,170.37117028125,27184.980933972383,34142.92192732572
34.260708545,180.757539375,26841.091099400663,34142.92192732572
34.0446119975,139.212063,29069.77286,34291.531405988586
34.0446119975,149.59843209375,27983.626156219627,34291.531405988586
34.0446119975,159.9848011875,27528.870768544104,34291.531405988586
34.0446119975,170.37117028125,27184.980933972383,34291.531405988586
34.0446119975,180.757539375,26841.091099400663,34291.531405988586
33.82851545,139.212063,29069.77286,34440.140884651446
33.82851545,149.59843209375,27983.626156219627,34440.140884651446
33.82851545,159.9848011875,27528.870768544104,34440.140884651446
33.82851545,170.37117028125,27184.980933972383,34440.140884651446
33.82851545,180.757539375,26841.091099400663,34440.140884651446
