veh_47_co2_gpmi,veh_47_cost_dollars
139.212063,27697.06445
147.0018398203125,26857.652815012192
154.791616640625,26394.859401569756
162.58139346093748,26154.46355297225
170.37117028125,25914.067704374746
