veh_28_cost_dollars,veh_26_co2_gpmi,veh_28_co2_gpmi,veh_26_cost_dollars
44788.6677,46.80685889,237.604252,57839.67941
44096.43237874928,46.80685889,241.897869125,57839.67941
43404.19705749857,46.80685889,246.19148625,57839.67941
42711.96173624785,46.80685889,250.485103375,57839.67941
42113.673253674635,46.80685889,254.7787205,57839.67941
44788.6677,46.4652869325,237.604252,58030.908878452334
44096.43237874928,46.4652869325,241.897869125,58030.908878452334
43404.19705749857,46.4652869325,246.19148625,58030.908878452334
42711.96173624785,46.4652869325,250.485103375,58030.908878452334
42113.673253674635,46.4652869325,254.7787205,58030.908878452334
44788.6677,46.123714975,237.604252,58222.13834690466
44096.43237874928,46.123714975,241.897869125,58222.13834690466
43404.19705749857,46.123714975,246.19148625,58222.13834690466
42711.96173624785,46.123714975,250.485103375,58222.13834690466
42113.673253674635,46.123714975,254.7787205,58222.13834690466
44788.6677,45.782143017500005,237.604252,58413.36781535699
44096.43237874928,45.782143017500005,241.897869125,58413.36781535699
43404.19705749857,45.782143017500005,246.19148625,58413.36781535699
42711.96173624785,45.782143017500005,250.485103375,58413.36781535699
42113.673253674635,45.782143017500005,254.7787205,58413.36781535699
44788.6677,45.44057106,237.604252,58604.59728380932
44096.43237874928,45.44057106,241.897869125,58604.59728380932
43404.19705749857,45.44057106,246.19148625,58604.59728380932
42711.96173624785,45.44057106,250.485103375,58604.59728380932
42113.673253674635,45.44057106,254.7787205,58604.59728380932
