veh_51_co2_gpmi,veh_51_cost_dollars
139.212063,27507.04925
167.85862775,25814.857707659517
196.5051925,25043.68802447731
225.15175725,24611.237517238656
253.798322,24178.78701
