veh_42_co2_gpmi,veh_42_cost_dollars
46.80685889,55507.92333
52.390650755,52406.58577066672
57.97444262,49305.24821133344
63.558234485,47373.02994805614
69.14202635,46152.33107
