veh_29_co2_gpmi,veh_29_cost_dollars
36.50532427,32705.46217
38.665088440000005,31231.299518758984
40.82485261,29757.136867517973
42.98461678,28744.072073333333
45.14438095,28099.2243
