veh_16_co2_gpmi,veh_16_cost_dollars
237.604252,45642.73627
273.60795875,42123.14681507602
309.6116655,41506.084069806435
345.61537225,41036.78881690672
381.619079,40681.675639999994
