veh_39_co2_gpmi,veh_39_cost_dollars
139.212063,28081.592289999997
167.85862775,26349.254122723447
196.5051925,25553.977483292772
225.15175725,25106.155986646387
253.798322,24658.33449
