veh_34_co2_gpmi,veh_34_cost_dollars
46.80685889,56652.82494
52.390650755,53538.69505404086
57.97444262,50424.56516808172
63.558234485,48491.33404618116
69.14202635,47276.79122
