veh_24_co2_gpmi,veh_24_cost_dollars
237.604252,45071.32651
273.60795875,41592.52241548618
309.6116655,40989.79624300536
345.61537225,40531.31020046053
381.619079,40184.280589999995
