veh_60_co2_gpmi,veh_58_cost_dollars,veh_58_co2_gpmi,veh_60_cost_dollars
237.604252,53336.44971,46.80685889,42598.35644
273.60795875,53336.44971,46.80685889,39296.758008155535
309.6116655,53336.44971,46.80685889,38754.38177536579
345.61537225,53336.44971,46.80685889,38341.42524201192
381.619079,53336.44971,46.80685889,38028.47318
237.604252,50262.9681297936,52.390650755,42598.35644
273.60795875,50262.9681297936,52.390650755,39296.758008155535
309.6116655,50262.9681297936,52.390650755,38754.38177536579
345.61537225,50262.9681297936,52.390650755,38341.42524201192
381.619079,50262.9681297936,52.390650755,38028.47318
237.604252,47189.48654958718,57.97444262,42598.35644
273.60795875,47189.48654958718,57.97444262,39296.758008155535
309.6116655,47189.48654958718,57.97444262,38754.38177536579
345.61537225,47189.48654958718,57.97444262,38341.42524201192
381.619079,47189.48654958718,57.97444262,38028.47318
237.604252,45261.91666909755,63.558234485,42598.35644
273.60795875,45261.91666909755,63.558234485,39296.758008155535
309.6116655,45261.91666909755,63.558234485,38754.38177536579
345.61537225,45261.91666909755,63.558234485,38341.42524201192
381.619079,45261.91666909755,63.558234485,38028.47318
237.604252,44031.74215,69.14202635,42598.35644
273.60795875,44031.74215,69.14202635,39296.758008155535
309.6116655,44031.74215,69.14202635,38754.38177536579
345.61537225,44031.74215,69.14202635,38341.42524201192
381.619079,44031.74215,69.14202635,38028.47318
