veh_40_co2_gpmi,veh_40_cost_dollars
237.604252,43952.67817
273.60795875,40553.89226366461
309.6116655,39978.80833334935
345.61537225,39541.1705283791
381.619079,39209.73933
