veh_10_co2_gpmi,veh_10_cost_dollars
41.70419207,60347.35944
47.287983935,57200.06632816364
52.871775799999995,54052.773216327274
58.455567665,52082.90608743888
64.03935953,50932.726460000005
