veh_55_co2_gpmi,veh_55_cost_dollars
139.212063,27318.515689999997
167.85862775,25639.47748708206
196.5051925,24876.178218704234
225.15175725,24448.72767435212
253.798322,24021.27713
