veh_49_co2_gpmi,veh_49_cost_dollars
36.50532427,30943.94453
38.665088440000005,29489.687260593924
40.82485261,28035.42999118785
42.98461678,27030.857833333335
45.14438095,26385.38887
