veh_14_co2_gpmi,veh_14_cost_dollars
42.90317936,59703.031160000006
42.6034325375,59871.71765588999
42.303685715,60040.40415177997
42.0039388925,60209.09064766995
41.70419207,60377.77714355994
