veh_58_co2_gpmi,veh_58_cost_dollars
46.80685889,53336.44971
46.80685889,53336.44971
46.80685889,53336.44971
46.80685889,53336.44971
46.80685889,53336.44971
