veh_13_co2_gpmi,veh_13_cost_dollars
33.82851545,34240.6866
33.6193897625,34386.53580976901
33.410264075,34532.38501953802
33.201138387499995,34678.23422930703
32.9920127,34824.08343907604
