veh_11_co2_gpmi,veh_11_cost_dollars
139.212063,29476.07805
153.060555125,28145.829055594477
166.90904725,27677.999468723767
180.757539375,27210.169881853053
194.6060315,26823.60544832644
