veh_24_co2_gpmi,veh_24_cost_dollars
237.604252,45071.32651
241.897869125,44375.61262242324
246.19148625,43679.89873484648
250.485103375,42984.18484726973
254.7787205,42381.6760176163
