veh_27_co2_gpmi,veh_27_cost_dollars
139.212063,28669.82785
147.0018398203125,27797.01124081227
154.791616640625,27320.326224407527
162.58139346093748,27067.54140237463
170.37117028125,26814.756580341735
