veh_16_co2_gpmi,veh_16_cost_dollars
237.604252,45642.73627
241.897869125,44985.698897557806
246.19148625,44328.6615251156
250.485103375,43671.62415267341
254.7787205,43014.58678023121
