veh_34_co2_gpmi,veh_34_cost_dollars
46.80685889,56652.82494
46.80685889,56652.82494
46.80685889,56652.82494
46.80685889,56652.82494
46.80685889,56652.82494
