veh_20_co2_gpmi,veh_20_cost_dollars
237.604252,45356.01049
244.0446776875,44376.30341968813
250.485103375,43396.596349376254
256.9255290625,42416.88927906438
263.36595475,42158.351741634615
