veh_18_cost_dollars,veh_20_cost_dollars,veh_20_co2_gpmi,veh_18_co2_gpmi
59070.48931,45356.01049,237.604252,44.2694672
59070.48931,44376.30341968813,244.0446776875,44.2694672
59070.48931,43396.596349376254,250.485103375,44.2694672
59070.48931,42416.88927906438,256.9255290625,44.2694672
59070.48931,42158.351741634615,263.36595475,44.2694672
59262.396251197184,45356.01049,237.604252,43.92789524
59262.396251197184,44376.30341968813,244.0446776875,43.92789524
59262.396251197184,43396.596349376254,250.485103375,43.92789524
59262.396251197184,42416.88927906438,256.9255290625,43.92789524
59262.396251197184,42158.351741634615,263.36595475,43.92789524
59454.30319239436,45356.01049,237.604252,43.58632328
59454.30319239436,44376.30341968813,244.0446776875,43.58632328
59454.30319239436,43396.596349376254,250.485103375,43.58632328
59454.30319239436,42416.88927906438,256.9255290625,43.58632328
59454.30319239436,42158.351741634615,263.36595475,43.58632328
59646.21013359154,45356.01049,237.604252,43.244751320000006
59646.21013359154,44376.30341968813,244.0446776875,43.244751320000006
59646.21013359154,43396.596349376254,250.485103375,43.244751320000006
59646.21013359154,42416.88927906438,256.9255290625,43.244751320000006
59646.21013359154,42158.351741634615,263.36595475,43.244751320000006
59838.11707478872,45356.01049,237.604252,42.90317936
59838.11707478872,44376.30341968813,244.0446776875,42.90317936
59838.11707478872,43396.596349376254,250.485103375,42.90317936
59838.11707478872,42416.88927906438,256.9255290625,42.90317936
59838.11707478872,42158.351741634615,263.36595475,42.90317936
