veh_28_co2_gpmi,veh_28_cost_dollars
237.604252,44788.6677
273.60795875,41330.0608184224
309.6116655,40734.3724297951
345.61537225,40281.19350442665
381.619079,39938.1337
