veh_62_co2_gpmi,veh_62_cost_dollars
46.80685889,52816.93552
52.390650755,49750.85376079408
57.97444262,46684.77200158816
63.558234485,44758.872382639114
69.14202635,43526.88116
