veh_5_co2_gpmi,veh_5_cost_dollars
32.07185966,35054.09556
34.231623830000004,33540.807180048585
36.391388,32027.51880009717
38.551152169999995,31049.184644959416
40.71091634,30401.2802
