veh_47_co2_gpmi,veh_47_cost_dollars
139.212063,27697.06445
167.85862775,25991.60584286957
196.5051925,25212.483710524164
225.15175725,24774.97191526208
253.798322,24337.46012
