veh_56_co2_gpmi,veh_56_cost_dollars
237.604252,42865.39484
273.60795875,39544.606146084465
309.6116655,38995.84689194991
345.61537225,38578.07261423524
381.619079,38261.51232
