veh_63_co2_gpmi,veh_63_cost_dollars
139.212063,26945.841760000003
167.85862775,25292.773183266025
196.5051925,24544.97203761244
225.15175725,24127.34054880622
253.798322,23709.70906
