veh_27_co2_gpmi,veh_27_cost_dollars
139.212063,28669.82785
167.85862775,26896.290702725822
196.5051925,26076.14498024635
225.15175725,25612.379015123177
253.798322,25148.61305
