veh_8_co2_gpmi,veh_8_cost_dollars
237.604252,46222.380560000005
273.60795875,42661.478180251885
309.6116655,42029.72336532844
345.61537225,41549.35339825135
381.619079,41185.96069
