veh_23_co2_gpmi,veh_23_cost_dollars
139.212063,28869.01235
167.85862775,27081.503272694543
196.5051925,26252.894293316203
225.15175725,25783.682216658104
253.798322,25314.47014
