veh_61_co2_gpmi,veh_61_cost_dollars
36.50532427,29963.455339999997
38.665088440000005,28521.869384240952
40.82485261,27080.283428481915
42.98461678,26081.670973333337
45.14438095,25436.80206
