veh_40_co2_gpmi,veh_40_cost_dollars,veh_38_cost_dollars,veh_38_co2_gpmi,bev_share_hauling_frac,bev_hauling_sales,ice_hauling_sales,bev_hauling_cost_dollars,bev_hauling_co2_megagrams,ice_hauling_cost_dollars,ice_hauling_co2_megagrams,hauling_combo_cost_dollars,hauling_combo_co2_megagrams,veh_37_co2_gpmi,veh_37_cost_dollars,veh_39_co2_gpmi,veh_39_cost_dollars,bev_share_non_hauling_frac,bev_non_hauling_sales,ice_non_hauling_sales,bev_non_hauling_cost_dollars,bev_non_hauling_co2_megagrams,ice_non_hauling_cost_dollars,ice_non_hauling_co2_megagrams,non_hauling_combo_cost_dollars,non_hauling_combo_co2_megagrams,total_combo_co2_megagrams,total_combo_cost_dollars
237.604252,43952.67817,56075.25132999999,46.80685889,0.0,0.0,750024.0,0.0,0.0,32965563491.77608,40251151.27911008,32965563491.77608,40251151.27911008,36.50532427,31980.8371,139.212063,28081.592289999997,0.0,0.0,1000042.0,0.0,0.0,28082771716.87618,27184245.96001133,28082771716.87618,27184245.96001133,67435397.2391214,61048335208.65226
237.604252,43952.67817,56075.25132999999,46.80685889,0.0,0.0,750024.0,0.0,0.0,32965563491.77608,40251151.27911008,32965563491.77608,40251151.27911008,36.50532427,31980.8371,139.9903399830204,27946.14936154872,0.0,0.0,1000042.0,0.0,0.0,27947323099.821903,27336221.819541845,27947323099.821903,27336221.819541845,67587373.09865193,60912886591.597984
