veh_7_co2_gpmi,veh_7_cost_dollars
139.212063,29681.651169999997
166.90904725,27869.43260441718
194.6060315,27006.271557123528
222.30301575,26530.89396127085
250.0,26055.51636541817
