veh_16_co2_gpmi,veh_16_cost_dollars
237.604252,45642.73627
244.0446776875,44657.1802113367
250.485103375,43671.62415267341
256.9255290625,42686.06809401011
263.36595475,42426.15186771558
