veh_60_co2_gpmi,veh_60_cost_dollars
237.604252,42598.35644
241.897869125,41933.3307823629
246.19148625,41268.305124725804
250.485103375,40603.27946708871
254.7787205,40037.583027648165
