veh_56_co2_gpmi,veh_56_cost_dollars
237.604252,42865.39484
241.897869125,42197.02734662959
246.19148625,41528.65985325918
250.485103375,40860.29235988877
254.7787205,40290.63313308244
