veh_17_co2_gpmi,veh_17_cost_dollars
34.69290164,33845.70297
34.4768050925,33994.31244866286
34.260708545,34142.92192732572
34.0446119975,34291.531405988586
33.82851545,34440.140884651446
