veh_24_co2_gpmi,veh_24_cost_dollars
237.604252,45071.32651
244.0446776875,44027.75567863486
250.485103375,42984.18484726973
256.9255290625,42130.66907815661
263.36595475,41892.470367900656
