veh_57_co2_gpmi,veh_57_cost_dollars
36.50532427,30284.260660000004
38.665088440000005,28838.39566787372
40.82485261,27392.53067574744
42.98461678,26391.86518
45.14438095,25746.72083
