veh_38_co2_gpmi,veh_38_cost_dollars
46.80685889,56075.25132999999
52.390650755,52967.41741391628
57.97444262,49859.583497832566
63.558234485,47926.74385034782
69.14202635,46708.99906
