veh_15_cost_dollars,veh_13_cost_dollars,veh_15_co2_gpmi,veh_13_co2_gpmi
29272.12338,34240.6866,139.212063,33.82851545
27456.305355930937,34240.6866,167.85862775,33.82851545
26610.503980205332,34240.6866,196.5051925,33.82851545
26130.19766010267,34240.6866,225.15175725,33.82851545
25649.89134,34240.6866,253.798322,33.82851545
29272.12338,32734.41589147251,139.212063,35.98827962
27456.305355930937,32734.41589147251,167.85862775,35.98827962
26610.503980205332,32734.41589147251,196.5051925,35.98827962
26130.19766010267,32734.41589147251,225.15175725,35.98827962
25649.89134,32734.41589147251,253.798322,35.98827962
29272.12338,31228.14518294502,139.212063,38.14804379
27456.305355930937,31228.14518294502,167.85862775,38.14804379
26610.503980205332,31228.14518294502,196.5051925,38.14804379
26130.19766010267,31228.14518294502,225.15175725,38.14804379
25649.89134,31228.14518294502,253.798322,38.14804379
29272.12338,30251.492528038663,139.212063,40.30780796
27456.305355930937,30251.492528038663,167.85862775,40.30780796
26610.503980205332,30251.492528038663,196.5051925,40.30780796
26130.19766010267,30251.492528038663,225.15175725,40.30780796
25649.89134,30251.492528038663,253.798322,40.30780796
29272.12338,29601.97355,139.212063,42.46757213
27456.305355930937,29601.97355,167.85862775,42.46757213
26610.503980205332,29601.97355,196.5051925,42.46757213
26130.19766010267,29601.97355,225.15175725,42.46757213
25649.89134,29601.97355,253.798322,42.46757213
