veh_59_co2_gpmi,veh_59_cost_dollars
139.212063,27131.45081
167.85862775,25465.45324740856
196.5051925,24709.943206138865
225.15175725,24287.432078069432
253.798322,23864.92095
