veh_19_co2_gpmi,veh_19_cost_dollars
139.212063,29069.77286
167.85862775,27268.170528683197
196.5051925,26431.009980939023
225.15175725,25956.284740469513
253.798322,25481.5595
