veh_36_co2_gpmi,veh_36_cost_dollars
237.604252,44229.359789999995
273.60795875,40810.761072971574
309.6116655,40228.89273260368
345.61537225,39786.13713379428
381.619079,39450.875960000005
