veh_53_co2_gpmi,veh_53_cost_dollars
36.50532427,30611.04307
38.665088440000005,29160.9535642338
40.82485261,27710.864058467596
42.98461678,26708.211233333335
45.14438095,26062.86609
