veh_11_co2_gpmi,veh_11_cost_dollars
139.212063,29476.07805
167.85862775,27645.920752210397
196.5051925,26791.388355051637
225.15175725,26305.43216252582
253.798322,25819.47597
