veh_32_co2_gpmi,veh_32_cost_dollars
237.604252,44508.01757
241.897869125,43819.24342571077
246.19148625,43130.46928142154
250.485103375,42441.69513713231
254.7787205,41847.59382081129
