veh_43_co2_gpmi,veh_43_cost_dollars
139.212063,27888.57439
147.0018398203125,27042.596252169544
154.791616640625,26577.06076128931
162.58139346093748,26334.23667004096
170.37117028125,26091.4125787926
