veh_40_co2_gpmi,veh_40_cost_dollars
237.604252,43952.67817
241.897869125,43270.774546880006
246.19148625,42588.870923760005
250.485103375,41906.96730064001
254.7787205,41321.14191935822
