veh_20_co2_gpmi,veh_20_cost_dollars
237.604252,45356.01049
241.897869125,44702.872443125416
246.19148625,44049.73439625084
250.485103375,43396.596349376254
254.7787205,42743.45830250168
