"Table 8.  Electricity Supply, Disposition, Prices, and Emissions"
"https://www.eia.gov/outlooks/aeo/data/browser/#/?id=8-AEO2025&region=0-0&cases=ref2025~highprice~lowprice~alttrnp&start=2024&end=2050&f=A&linechart=ref2025-d032025a.6-8-AEO2025~highprice-d032525b.6-8-AEO2025~lowprice-d032125a.6-8-AEO2025~alttrnp-d032125a.6-8-AEO2025&sourcekey=0"
"Mon Sep 15 2025 13:38:38 GMT-0400 (Eastern Daylight Time)"
"Source: U.S. Energy Information Administration"
"",full name,api key,"units","2024","2025","2026","2027","2028","2029","2030","2031","2032","2033","2034","2035","2036","2037","2038","2039","2040","2041","2042","2043","2044","2045","2046","2047","2048","2049","2050","Growth (2024-2050)"
Net Generation by Fuel Type,,,,,,,,,,,,,,,,,,,,,,,,,,,,,,,
Electric Power Sector,,,,,,,,,,,,,,,,,,,,,,,,,,,,,,,
Power Only,,,,,,,,,,,,,,,,,,,,,,,,,,,,,,,
Coal,"Electricity: Electric Power Sector: Power Only: Coal",,"BkWh",,,,,,,,,,,,,,,,,,,,,,,,,,,,
Reference case,"Electricity: Electric Power Sector: Power Only: Coal": Reference case,AEO.2025.REF2025.GEN_NA_ELEP_POW_CL_NA_USA_BLNKWH.A,"BkWh",648.301147,650.792786,569.282654,462.84024,440.948029,402.269012,329.715271,297.551758,51.829861,50.497253,46.420238,44.147354,39.938225,35.147854,31.446388,13.53805,13.567258,13.593603,13.362573,13.359393,9.775536,9.017549,2.661041,1.739767,1.750068,1.765916,1.768773,"-20.3%"
High Oil Price,"Electricity: Electric Power Sector: Power Only: Coal": High Oil Price,AEO.2025.HIGHPRICE.GEN_NA_ELEP_POW_CL_NA_USA_BLNKWH.A,"BkWh",648.30127,655.523621,523.311768,415.327332,388.727112,371.235199,302.910614,276.092926,49.228489,45.482056,44.16489,40.425743,37.457645,34.911465,32.49316,16.691149,16.725187,16.230656,16.359934,16.402771,14.820781,15.019435,11.754745,11.4561,11.41805,10.731601,10.261024,"-14.7%"
Low Oil Price,"Electricity: Electric Power Sector: Power Only: Coal": Low Oil Price,AEO.2025.LOWPRICE.GEN_NA_ELEP_POW_CL_NA_USA_BLNKWH.A,"BkWh",648.300842,654.090759,618.711243,520.728394,506.084137,469.822693,368.645752,354.043976,63.951332,62.619972,62.832764,61.731522,58.132648,55.272034,52.252979,18.656107,18.242104,17.537867,17.533474,18.019377,2.364964,1.598863,1.136897,1.169838,1.075249,1.093628,1.108843,"-21.7%"
Alternative Transportation,"Electricity: Electric Power Sector: Power Only: Coal": Alternative Transportation,AEO.2025.ALTTRNP.GEN_NA_ELEP_POW_CL_NA_USA_BLNKWH.A,"BkWh",648.301392,650.792419,566.63092,449.868622,431.331726,385.599304,304.433624,274.200531,51.960915,51.267761,47.181149,45.099712,38.76519,36.511253,33.048885,18.023388,18.046015,18.097462,17.75429,17.778521,15.393712,15.407162,5.145855,5.154931,4.869942,3.674114,2.726278,"-19.0%"
Petroleum,"Electricity: Electric Power Sector: Power Only: Petroleum",,"BkWh",,,,,,,,,,,,,,,,,,,,,,,,,,,,
Reference case,"Electricity: Electric Power Sector: Power Only: Petroleum": Reference case,AEO.2025.REF2025.GEN_NA_ELEP_POW_PET_NA_USA_BLNKWH.A,"BkWh",9.940408,9.717547,9.203734,8.498406,7.975886,7.666715,7.243833,6.919267,5.98556,5.925222,5.967257,5.947681,5.924504,5.840703,5.720641,5.688102,5.608373,5.23614,4.775796,4.341865,3.808137,3.363895,3.372961,3.380734,3.426639,3.474555,3.515039,"-3.9%"
High Oil Price,"Electricity: Electric Power Sector: Power Only: Petroleum": High Oil Price,AEO.2025.HIGHPRICE.GEN_NA_ELEP_POW_PET_NA_USA_BLNKWH.A,"BkWh",9.950694,9.668714,8.936197,8.274465,7.781837,7.582922,7.162998,6.84708,5.952549,5.939245,5.986046,5.958018,5.930241,5.824942,5.722337,5.655656,5.598102,5.20992,4.757313,4.324737,3.806006,3.343788,3.37898,3.392455,3.434731,3.469161,3.500935,"-3.9%"
Low Oil Price,"Electricity: Electric Power Sector: Power Only: Petroleum": Low Oil Price,AEO.2025.LOWPRICE.GEN_NA_ELEP_POW_PET_NA_USA_BLNKWH.A,"BkWh",9.940397,14.742546,14.628234,13.916908,13.350611,13.088192,12.576109,12.412348,11.31822,11.284504,11.303314,11.32653,11.241817,10.476476,9.862988,9.856387,7.64079,7.309731,6.553552,5.454694,4.890718,3.541605,3.55144,3.566237,4.53878,4.58684,4.633741,"-2.9%"
Alternative Transportation,"Electricity: Electric Power Sector: Power Only: Petroleum": Alternative Transportation,AEO.2025.ALTTRNP.GEN_NA_ELEP_POW_PET_NA_USA_BLNKWH.A,"BkWh",9.942112,9.69055,9.144223,8.401609,7.872717,7.53934,7.02243,6.661377,5.709004,5.62051,5.607692,5.587014,5.530615,5.415073,5.274604,5.228022,5.134061,4.743675,4.324551,3.932587,3.443302,3.061444,3.047997,3.04142,3.062582,3.075762,3.118804,"-4.4%"
Natural Gas,"Electricity: Electric Power Sector: Power Only: Natural Gas",,"BkWh",,,,,,,,,,,,,,,,,,,,,,,,,,,,
Reference case,"Electricity: Electric Power Sector: Power Only: Natural Gas": Reference case,AEO.2025.REF2025.GEN_NA_ELEP_POW_NG_NA_USA_BLNKWH.A,"BkWh",1654.379883,1564.807861,1493.574829,1542.061035,1538.812256,1531.613159,1535.178101,1482.422729,1634.197754,1517.163086,1401.58374,1315.11377,1240.34375,1122.577026,1046.308228,1008.305908,1012.025391,1035.035767,1025.431274,1034.22937,1038.347168,1038.544922,1030.735229,1027.066772,1030.217896,1023.742981,1008.263916,"-1.9%"
High Oil Price,"Electricity: Electric Power Sector: Power Only: Natural Gas": High Oil Price,AEO.2025.HIGHPRICE.GEN_NA_ELEP_POW_NG_NA_USA_BLNKWH.A,"BkWh",1654.321655,1533.783569,1513.363403,1586.424683,1626.797119,1626.150269,1654.709106,1633.919067,1810.019409,1740.592773,1652.566162,1557.823608,1484.701538,1374.677002,1276.293945,1166.834961,1148.093384,1093.146729,1099.319946,1114.37439,1129.986938,1146.609253,1144.196167,1148.47229,1137.638916,1132.901855,1115.024292,"-1.5%"
Low Oil Price,"Electricity: Electric Power Sector: Power Only: Natural Gas": Low Oil Price,AEO.2025.LOWPRICE.GEN_NA_ELEP_POW_NG_NA_USA_BLNKWH.A,"BkWh",1653.319458,1525.583862,1394.627563,1431.51001,1375.201416,1335.237915,1346.165161,1261.31604,1443.366821,1354.521729,1266.595581,1192.988892,1123.523315,991.056702,867.479431,813.144958,775.782654,720.581055,647.547485,596.534546,594.889954,596.208862,612.504028,644.944641,680.203491,712.735962,756.944458,"-3.0%"
Alternative Transportation,"Electricity: Electric Power Sector: Power Only: Natural Gas": Alternative Transportation,AEO.2025.ALTTRNP.GEN_NA_ELEP_POW_NG_NA_USA_BLNKWH.A,"BkWh",1653.322998,1546.406738,1473.471191,1530.514893,1524.201538,1507.570312,1499.666504,1420.703125,1510.383057,1394.444824,1275.316528,1189.272949,1091.126221,1025.703491,1006.449036,965.758179,963.232666,984.531921,1003.715576,1021.690369,1031.312622,1034.73938,1042.726807,1040.982788,1039.931396,1035.905151,1038.345093,"-1.8%"
Nuclear Power,"Electricity: Electric Power Sector: Power Only: Nuclear",,"BkWh",,,,,,,,,,,,,,,,,,,,,,,,,,,,
Reference case,"Electricity: Electric Power Sector: Power Only: Nuclear": Reference case,AEO.2025.REF2025.GEN_NA_ELEP_POW_NUP_NA_USA_BLNKWH.A,"BkWh",777.128174,794.888184,799.811096,797.992737,797.979126,797.975098,789.046265,780.749023,780.7323,780.753601,779.612793,774.709961,756.736938,754.233643,748.849731,747.583496,737.399902,726.046753,725.463989,730.616638,735.479919,734.855286,734.698242,735.171143,736.507324,736.513672,736.330322,"-0.2%"
High Oil Price,"Electricity: Electric Power Sector: Power Only: Nuclear": High Oil Price,AEO.2025.HIGHPRICE.GEN_NA_ELEP_POW_NUP_NA_USA_BLNKWH.A,"BkWh",777.128174,795.13916,799.811646,797.993164,797.968872,797.968384,789.057129,780.747559,780.734192,780.753601,780.753601,780.753113,780.40686,773.041992,762.596924,757.523926,747.822144,737.463013,728.521973,731.669861,736.478394,738.85083,727.89978,715.972595,715.097534,715.360107,710.669434,"-0.3%"
Low Oil Price,"Electricity: Electric Power Sector: Power Only: Nuclear": Low Oil Price,AEO.2025.LOWPRICE.GEN_NA_ELEP_POW_NUP_NA_USA_BLNKWH.A,"BkWh",777.128174,789.304749,799.806641,797.987244,797.980835,797.971558,789.037964,780.734863,780.734924,780.753601,778.484741,775.791016,755.979614,755.830505,756.509216,750.994629,747.862976,733.594971,706.869629,671.382019,650.311523,675.342957,707.123535,735.835205,751.32312,760.397095,773.809692,"-0.0%"
Alternative Transportation,"Electricity: Electric Power Sector: Power Only: Nuclear": Alternative Transportation,AEO.2025.ALTTRNP.GEN_NA_ELEP_POW_NUP_NA_USA_BLNKWH.A,"BkWh",777.128174,790.406921,799.811646,797.992188,797.979126,797.975098,789.045776,780.749512,780.738281,775.572571,771.909668,758.935608,750.315796,733.878662,727.441833,723.393555,703.87793,698.96167,699.461914,704.953857,709.171631,702.272766,702.072021,701.585571,698.774902,695.359009,694.015747,"-0.4%"
Pumped Storage/Other,"Electricity: Electric Power Sector: Power Only: Pumped Storage/Other",,"BkWh",,,,,,,,,,,,,,,,,,,,,,,,,,,,
Reference case,"Electricity: Electric Power Sector: Power Only: Pumped Storage/Other": Reference case,AEO.2025.REF2025.GEN_NA_ELEP_POW_PST_NA_USA_BLNKWH.A,"BkWh",-2.162591,-4.316847,-5.911272,-6.894175,-7.176285,-7.318553,-8.36282,-8.406789,-9.56294,-10.58358,-12.153326,-13.407833,-14.542375,-16.454067,-18.792225,-21.608868,-25.192024,-28.950903,-33.795444,-37.297764,-41.100071,-44.317841,-48.151924,-50.913868,-54.968803,-60.19622,-65.113808,"14.0%"
High Oil Price,"Electricity: Electric Power Sector: Power Only: Pumped Storage/Other": High Oil Price,AEO.2025.HIGHPRICE.GEN_NA_ELEP_POW_PST_NA_USA_BLNKWH.A,"BkWh",-2.153191,-4.149726,-5.694484,-6.335756,-6.587792,-7.108099,-7.904155,-7.598201,-7.855563,-8.76651,-10.380913,-11.763643,-13.369712,-15.312134,-17.55619,-20.38545,-23.186621,-26.896357,-30.56357,-34.493309,-38.525482,-41.075527,-43.211594,-45.41098,-47.971336,-51.007217,-52.951168,"13.1%"
Low Oil Price,"Electricity: Electric Power Sector: Power Only: Pumped Storage/Other": Low Oil Price,AEO.2025.LOWPRICE.GEN_NA_ELEP_POW_PST_NA_USA_BLNKWH.A,"BkWh",-2.16063,-4.205599,-6.021874,-6.512595,-6.866691,-7.355114,-8.262581,-8.239958,-9.766399,-10.965115,-12.497992,-14.176841,-16.535929,-19.270855,-23.272556,-27.005131,-31.519569,-37.075161,-42.91111,-44.115532,-44.960148,-46.394745,-47.799892,-47.849415,-48.091896,-49.3563,-50.832603,"12.9%"
Alternative Transportation,"Electricity: Electric Power Sector: Power Only: Pumped Storage/Other": Alternative Transportation,AEO.2025.ALTTRNP.GEN_NA_ELEP_POW_PST_NA_USA_BLNKWH.A,"BkWh",-2.15967,-4.256224,-5.785234,-6.791365,-6.976016,-7.437794,-8.566641,-8.557797,-9.554123,-10.549438,-11.679329,-12.317646,-13.77983,-15.900012,-18.077738,-20.847771,-24.169504,-27.2358,-28.853569,-30.862301,-33.100166,-35.40733,-37.668442,-39.801735,-43.108917,-46.454948,-47.470825,"12.6%"
Hydrogen,"Electricity: Electric Power Sector: Power Only: Hydrogen",,"BkWh",,,,,,,,,,,,,,,,,,,,,,,,,,,,
Reference case,"Electricity: Electric Power Sector: Power Only: Hydrogen": Reference case,AEO.2025.REF2025.GEN_NA_ELEP_POW_HDG_NA_USA_BLNKWH.A,"BkWh",0,0,0,0,0,0,0,0,0,0,0,0,0,0,0,0,0,0,0,0,0,0,0,0,0,0,0,"- -"
High Oil Price,"Electricity: Electric Power Sector: Power Only: Hydrogen": High Oil Price,AEO.2025.HIGHPRICE.GEN_NA_ELEP_POW_HDG_NA_USA_BLNKWH.A,"BkWh",0,0,0,0,0,0,0,0,0,0,0,0,0,0,0,0,0,0,0,0,0,0,0,0,0,0,0,"- -"
Low Oil Price,"Electricity: Electric Power Sector: Power Only: Hydrogen": Low Oil Price,AEO.2025.LOWPRICE.GEN_NA_ELEP_POW_HDG_NA_USA_BLNKWH.A,"BkWh",0,0,0.003751,0,0,0,0,0,0.017673,0.020411,0.022811,0.022811,0.022811,0,0,0,0,0,0,0,0,0,0,0,0,0,0,"- -"
Alternative Transportation,"Electricity: Electric Power Sector: Power Only: Hydrogen": Alternative Transportation,AEO.2025.ALTTRNP.GEN_NA_ELEP_POW_HDG_NA_USA_BLNKWH.A,"BkWh",0,0,0,0,0,0,0,0,0.008658,0.01,0,0.002317,0.011176,0.011176,0.011176,0.011176,0.011176,0.011176,0.011176,0.011176,0.011176,0.011176,0.011176,0.011176,0.011176,0.011176,0.011176,"- -"
Renewable Sources,"Electricity: Electric Power Sector: Power Only: Renewable Sources",,"BkWh",,,,,,,,,,,,,,,,,,,,,,,,,,,,
Reference case,"Electricity: Electric Power Sector: Power Only: Renewable Sources": Reference case,AEO.2025.REF2025.GEN_NA_ELEP_POW_RNWBSRC_NA_USA_BLNKWH.A,"BkWh",925.573242,1039.534424,1208.969604,1306.108276,1365.611938,1458.296997,1584.334351,1730.839355,1901.917114,2105.857666,2324.806396,2524.771729,2735.718994,2969.879395,3158.390381,3320.708252,3424.439941,3500.651123,3600.768555,3675.142822,3745.07666,3816.86499,3901.891113,3978.26123,4051.657959,4137.51709,4238.288086,"6.0%"
High Oil Price,"Electricity: Electric Power Sector: Power Only: Renewable Sources": High Oil Price,AEO.2025.HIGHPRICE.GEN_NA_ELEP_POW_RNWBSRC_NA_USA_BLNKWH.A,"BkWh",926.035095,1039.696167,1209.033936,1308.473877,1353.862427,1428.381836,1527.421509,1638.949341,1768.174072,1929.072754,2119.63501,2320.565186,2499.574707,2716.053223,2922.290039,3149.901855,3279.686035,3433.079346,3520.538574,3589.092773,3654.275879,3710.239746,3806.278809,3893.411865,3970.092529,4042.917969,4126.48877,"5.9%"
Low Oil Price,"Electricity: Electric Power Sector: Power Only: Renewable Sources": Low Oil Price,AEO.2025.LOWPRICE.GEN_NA_ELEP_POW_RNWBSRC_NA_USA_BLNKWH.A,"BkWh",926.111328,1039.553589,1208.749512,1304.307251,1398.367188,1522.695312,1677.398071,1847.140747,2033.255493,2212.44751,2410.082031,2606.790527,2818.703857,3059.378174,3300.423828,3506.723145,3652.27002,3827.77002,4028.765625,4213.776367,4340.506348,4385.666016,4410.496582,4428.287598,4454.179688,4500.857422,4517.812988,"6.3%"
Alternative Transportation,"Electricity: Electric Power Sector: Power Only: Renewable Sources": Alternative Transportation,AEO.2025.ALTTRNP.GEN_NA_ELEP_POW_RNWBSRC_NA_USA_BLNKWH.A,"BkWh",925.820557,1039.485229,1208.354858,1303.557251,1359.159302,1458.013306,1586.552734,1734.239258,1911.900879,2082.579834,2270.178955,2458.193359,2650.379639,2808.045898,2907.932129,3037.344971,3130.601562,3180.283447,3224.525146,3268.420898,3314.494385,3378.109131,3439.380371,3515.105469,3593.538574,3679.845703,3756.826416,"5.5%"
Distributed Generation (Natural Gas),"Electricity: Electric Power Sector: Power Only: Distributed Generation",,"BkWh",,,,,,,,,,,,,,,,,,,,,,,,,,,,
Reference case,"Electricity: Electric Power Sector: Power Only: Distributed Generation": Reference case,AEO.2025.REF2025.GEN_NA_ELEP_POW_DISTGEN_NA_USA_BLNKWH.A,"BkWh",0,0,0.046107,0.129023,0.209651,0.368621,0.583511,0.836887,2.675436,3.086638,3.562402,4.08498,4.625292,5.202368,5.823517,6.992073,7.616004,8.206285,8.74741,9.271909,9.793902,10.329887,10.849044,11.422036,12.007022,12.620276,13.265692,"- -"
High Oil Price,"Electricity: Electric Power Sector: Power Only: Distributed Generation": High Oil Price,AEO.2025.HIGHPRICE.GEN_NA_ELEP_POW_DISTGEN_NA_USA_BLNKWH.A,"BkWh",0,0,0.047017,0.142735,0.243188,0.366509,0.60866,0.839031,1.610743,2.024868,2.464496,2.940033,3.479789,4.000196,4.563809,5.763242,6.403369,6.992874,7.555524,8.111557,8.668992,9.221014,9.756782,10.277267,10.80267,11.281277,11.814006,"- -"
Low Oil Price,"Electricity: Electric Power Sector: Power Only: Distributed Generation": Low Oil Price,AEO.2025.LOWPRICE.GEN_NA_ELEP_POW_DISTGEN_NA_USA_BLNKWH.A,"BkWh",0,0,0.029732,0.107379,0.172353,0.295163,0.529336,0.792149,3.012971,3.41717,3.895658,4.435964,4.975319,5.532798,6.133238,7.183299,7.824596,8.448081,9.03583,9.646363,10.22722,10.794148,11.362415,11.965365,12.575207,13.188102,13.824153,"- -"
Alternative Transportation,"Electricity: Electric Power Sector: Power Only: Distributed Generation": Alternative Transportation,AEO.2025.ALTTRNP.GEN_NA_ELEP_POW_DISTGEN_NA_USA_BLNKWH.A,"BkWh",0,0,0.053506,0.134356,0.232275,0.376399,0.558417,0.753932,1.756058,2.092636,2.488308,3.041317,3.495716,4.002379,4.570074,5.377189,5.939534,6.458063,6.954973,7.443407,7.922889,8.410433,8.894112,9.414859,9.996593,10.570771,11.229191,"- -"
Total,"Electricity: Electric Power Sector: Power Only: Total",,"BkWh",,,,,,,,,,,,,,,,,,,,,,,,,,,,
Reference case,"Electricity: Electric Power Sector: Power Only: Total": Reference case,AEO.2025.REF2025.GEN_NA_ELEP_POW_TOT_NA_USA_BLNKWH.A,"BkWh",4013.1604,4055.423828,4074.976807,4110.735352,4144.360352,4190.871094,4237.73877,4290.912109,4367.774902,4452.699707,4549.799805,4655.368164,4768.745605,4876.426758,4977.746582,5081.207031,5175.464844,5259.818359,5344.754395,5429.664551,5501.181152,5568.65918,5636.055664,5706.12793,5780.598145,5855.437988,5936.317871,"1.5%"
High Oil Price,"Electricity: Electric Power Sector: Power Only: Total": High Oil Price,AEO.2025.HIGHPRICE.GEN_NA_ELEP_POW_TOT_NA_USA_BLNKWH.A,"BkWh",4013.583984,4029.661621,4048.809326,4110.300293,4168.79248,4224.577148,4273.966309,4329.796875,4407.86377,4495.098633,4595.188965,4696.70166,4798.181152,4893.196777,4986.404297,5081.985352,5181.141602,5265.226074,5346.489746,5429.482422,5509.511719,5582.208496,5660.053711,5737.571777,5800.513184,5865.654785,5924.807129,"1.5%"
Low Oil Price,"Electricity: Electric Power Sector: Power Only: Total": Low Oil Price,AEO.2025.LOWPRICE.GEN_NA_ELEP_POW_TOT_NA_USA_BLNKWH.A,"BkWh",4012.639404,4019.069824,4030.534668,4062.044434,4084.290039,4131.755371,4186.089355,4248.200195,4325.891113,4414.099609,4520.71875,4638.910645,4756.043457,4858.275879,4969.38916,5079.553223,5178.104004,5278.166992,5373.394043,5470.698242,5558.230469,5626.757324,5698.375,5777.919434,5855.803711,5943.502441,6017.30127,"1.6%"
Alternative Transportation,"Electricity: Electric Power Sector: Power Only: Total": Alternative Transportation,AEO.2025.ALTTRNP.GEN_NA_ELEP_POW_TOT_NA_USA_BLNKWH.A,"BkWh",4012.355469,4032.525879,4051.681396,4083.677734,4113.800781,4149.63623,4178.712891,4208.75,4252.902344,4301.039062,4361.00293,4447.814941,4525.844727,4597.667969,4666.650391,4734.288574,4802.67334,4865.851562,4927.894043,4993.368652,5048.649414,5106.604492,5163.609863,5235.494629,5307.076172,5381.986816,5458.801758,"1.2%"
Combined Heat and Power,,,,,,,,,,,,,,,,,,,,,,,,,,,,,,,
Coal,"Electricity: Electric Power Sector: Combined Heat and Power: Coal",,"BkWh",,,,,,,,,,,,,,,,,,,,,,,,,,,,
Reference case,"Electricity: Electric Power Sector: Combined Heat and Power: Coal": Reference case,AEO.2025.REF2025.GEN_NA_ELEP_CHP_CL_NA_USA_BLNKWH.A,"BkWh",6.127592,5.716233,5.655531,5.674288,5.700307,5.725325,6.047112,6.047112,0,0,0,0,0,0,0,0,0,0,0,0,0,0,0,0,0,0,0,"-100.0%"
High Oil Price,"Electricity: Electric Power Sector: Combined Heat and Power: Coal": High Oil Price,AEO.2025.HIGHPRICE.GEN_NA_ELEP_CHP_CL_NA_USA_BLNKWH.A,"BkWh",6.127592,5.716233,5.681726,5.681718,5.681711,5.725325,5.790093,6.047112,0,0,0,0,0,0,0,0,0,0,0,0,0,0,0,0,0,0,0,"-100.0%"
Low Oil Price,"Electricity: Electric Power Sector: Combined Heat and Power: Coal": Low Oil Price,AEO.2025.LOWPRICE.GEN_NA_ELEP_CHP_CL_NA_USA_BLNKWH.A,"BkWh",6.127592,5.716233,5.655542,5.696139,6.011548,6.043224,6.072458,6.072946,0,0,0,0,0,0,0,0,0,0,0,0,0,0,0,0,0,0,0,"-100.0%"
Alternative Transportation,"Electricity: Electric Power Sector: Combined Heat and Power: Coal": Alternative Transportation,AEO.2025.ALTTRNP.GEN_NA_ELEP_CHP_CL_NA_USA_BLNKWH.A,"BkWh",6.127593,5.716743,5.65558,5.65712,5.700306,5.725325,5.700412,6.047112,0,0,0,0,0,0,0,0,0,0,0,0,0,0,0,0,0,0,0,"-100.0%"
Petroleum,"Electricity: Electric Power Sector: Combined Heat and Power: Petroleum",,"BkWh",,,,,,,,,,,,,,,,,,,,,,,,,,,,
Reference case,"Electricity: Electric Power Sector: Combined Heat and Power: Petroleum": Reference case,AEO.2025.REF2025.GEN_NA_ELEP_CHP_PET_NA_USA_BLNKWH.A,"BkWh",0.541634,0.541717,0.541576,0.54165,0.541627,0.541728,0.543016,0.542986,0.5187,0.5187,0.5187,0.5187,0.5187,0.5187,0.518698,0.5187,0.5187,0.5187,0.518698,0.518698,0.518698,0.518698,0.518698,0.518698,0.518698,0.518698,0.518698,"-0.2%"
High Oil Price,"Electricity: Electric Power Sector: Combined Heat and Power: Petroleum": High Oil Price,AEO.2025.HIGHPRICE.GEN_NA_ELEP_CHP_PET_NA_USA_BLNKWH.A,"BkWh",0.541634,0.541717,0.541576,0.541553,0.541553,0.541728,0.541984,0.542986,0.5187,0.5187,0.518698,0.518698,0.518698,0.518698,0.518698,0.518698,0.518698,0.518698,0.518698,0.518698,0.518698,0.518698,0.518698,0.518698,0.518698,0.518698,0.518698,"-0.2%"
Low Oil Price,"Electricity: Electric Power Sector: Combined Heat and Power: Petroleum": Low Oil Price,AEO.2025.LOWPRICE.GEN_NA_ELEP_CHP_PET_NA_USA_BLNKWH.A,"BkWh",0.541634,0.541717,0.541576,0.541711,0.542882,0.54301,0.543129,0.543126,0.513292,0.512921,0.512952,0.512952,0.512951,0.512921,0.512919,0.512921,0.512919,0.512919,0.512919,0.512919,0.512919,0.512919,0.512919,0.512919,0.512919,0.512919,0.512919,"-0.2%"
Alternative Transportation,"Electricity: Electric Power Sector: Combined Heat and Power: Petroleum": Alternative Transportation,AEO.2025.ALTTRNP.GEN_NA_ELEP_CHP_PET_NA_USA_BLNKWH.A,"BkWh",0.541634,0.541719,0.541576,0.541576,0.54165,0.541728,0.541628,0.542986,0.518704,0.5187,0.5187,0.5187,0.5187,0.518698,0.5187,0.5187,0.5187,0.5187,0.5187,0.5187,0.5187,0.5187,0.5187,0.518698,0.518698,0.518698,0.518698,"-0.2%"
Natural Gas,"Electricity: Electric Power Sector: Combined Heat and Power: Natural Gas",,"BkWh",,,,,,,,,,,,,,,,,,,,,,,,,,,,
Reference case,"Electricity: Electric Power Sector: Combined Heat and Power: Natural Gas": Reference case,AEO.2025.REF2025.GEN_NA_ELEP_CHP_NG_NA_USA_BLNKWH.A,"BkWh",133.969254,129.825729,125.940826,126.566895,125.954285,125.465721,123.935944,125.386055,126.068184,121.301308,121.442337,121.1586,119.859833,118.115547,117.901695,117.898148,117.89209,117.89547,117.895462,117.897461,117.897728,117.901085,117.901321,117.908775,117.910606,117.939682,117.911407,"-0.5%"
High Oil Price,"Electricity: Electric Power Sector: Combined Heat and Power: Natural Gas": High Oil Price,AEO.2025.HIGHPRICE.GEN_NA_ELEP_CHP_NG_NA_USA_BLNKWH.A,"BkWh",134.740356,130.022522,126.87722,127.218712,127.600998,127.452194,127.17691,128.269135,126.957787,126.108078,123.859642,122.825134,123.400604,120.51326,117.905258,117.901756,117.899544,117.89521,117.896072,117.899254,117.899811,117.897766,117.897026,117.904831,117.904999,117.909035,117.908005,"-0.5%"
Low Oil Price,"Electricity: Electric Power Sector: Combined Heat and Power: Natural Gas": Low Oil Price,AEO.2025.LOWPRICE.GEN_NA_ELEP_CHP_NG_NA_USA_BLNKWH.A,"BkWh",133.961273,129.784073,125.493553,125.703941,126.39093,126.669754,124.007164,122.252129,123.732132,120.15049,118.591949,118.269035,118.326134,117.902222,117.903702,117.899925,117.899391,117.901344,117.897171,117.89579,117.88504,117.886215,117.88269,117.889771,117.894188,117.896584,117.897491,"-0.5%"
Alternative Transportation,"Electricity: Electric Power Sector: Combined Heat and Power: Natural Gas": Alternative Transportation,AEO.2025.ALTTRNP.GEN_NA_ELEP_CHP_NG_NA_USA_BLNKWH.A,"BkWh",134.753891,128.904007,125.700188,126.623009,125.845314,125.515976,123.088524,122.346672,122.533669,119.678276,118.750496,118.17038,119.563431,118.663277,117.998848,117.953499,117.989975,117.988358,117.986267,117.99205,117.999321,117.997826,117.9972,117.996742,117.908493,117.907486,117.905128,"-0.5%"
Renewable Sources,"Electricity: Electric Power Sector: Combined Heat and Power: Renewable Sources",,"BkWh",,,,,,,,,,,,,,,,,,,,,,,,,,,,
Reference case,"Electricity: Electric Power Sector: Combined Heat and Power: Renewable Sources": Reference case,AEO.2025.REF2025.GEN_NA_ELEP_CHP_RNWBSRC_NA_USA_BLNKWH.A,"BkWh",2.431993,2.370572,2.40321,2.407213,2.387133,2.393064,2.39558,2.399905,2.403708,2.407685,2.411072,2.417928,2.419513,2.420737,2.41744,2.418341,2.427146,2.430195,2.426822,2.435901,2.436801,2.437856,2.439055,2.439848,2.435862,2.436002,2.435343,"0.0%"
High Oil Price,"Electricity: Electric Power Sector: Combined Heat and Power: Renewable Sources": High Oil Price,AEO.2025.HIGHPRICE.GEN_NA_ELEP_CHP_RNWBSRC_NA_USA_BLNKWH.A,"BkWh",2.43126,2.370925,2.377714,2.380735,2.383093,2.388011,2.396601,2.399285,2.398904,2.406174,2.410672,2.418671,2.417056,2.418075,2.418638,2.425047,2.426276,2.428113,2.430075,2.428137,2.43147,2.438338,2.425843,2.42724,2.440769,2.440751,2.440805,"0.0%"
Low Oil Price,"Electricity: Electric Power Sector: Combined Heat and Power: Renewable Sources": Low Oil Price,AEO.2025.LOWPRICE.GEN_NA_ELEP_CHP_RNWBSRC_NA_USA_BLNKWH.A,"BkWh",2.429501,2.363669,2.404,2.410043,2.391411,2.393567,2.396381,2.401111,2.415462,2.421584,2.423693,2.418768,2.425467,2.415952,2.41796,2.41418,2.410733,2.411774,2.343452,2.337089,2.295146,2.329848,2.331284,2.364295,2.361333,2.381538,2.381559,"-0.1%"
Alternative Transportation,"Electricity: Electric Power Sector: Combined Heat and Power: Renewable Sources": Alternative Transportation,AEO.2025.ALTTRNP.GEN_NA_ELEP_CHP_RNWBSRC_NA_USA_BLNKWH.A,"BkWh",2.432103,2.37088,2.407524,2.405706,2.383312,2.388316,2.394167,2.399589,2.403188,2.40711,2.415254,2.417377,2.4189,2.414917,2.416648,2.410751,2.410937,2.414428,2.424777,2.433479,2.435757,2.431486,2.437648,2.43735,2.438392,2.431985,2.437776,"0.0%"
Other,"Electricity: Electric Power Sector: Combined Heat and Power: Other",,"BkWh",,,,,,,,,,,,,,,,,,,,,,,,,,,,
Reference case,"Electricity: Electric Power Sector: Combined Heat and Power: Other": Reference case,AEO.2025.REF2025.GEN_NA_ELEP_CHP_OTH_NA_USA_BLNKWH.A,"BkWh",0.599202,0.570148,0.564993,0.561745,0.56149,0.556958,0.553484,0.549818,0.546207,0.542735,0.539168,0.536472,0.533767,0.530253,0.527259,0.525972,0.52357,0.521079,0.51956,0.517546,0.516512,0.515494,0.514474,0.513447,0.511634,0.511613,0.512216,"-0.6%"
High Oil Price,"Electricity: Electric Power Sector: Combined Heat and Power: Other": High Oil Price,AEO.2025.HIGHPRICE.GEN_NA_ELEP_CHP_OTH_NA_USA_BLNKWH.A,"BkWh",0.599202,0.568938,0.564175,0.562483,0.560268,0.555715,0.552487,0.548835,0.545053,0.542108,0.539285,0.535154,0.533114,0.530553,0.527827,0.525831,0.523864,0.521953,0.519889,0.517803,0.517001,0.515922,0.515185,0.514211,0.512552,0.512531,0.512511,"-0.6%"
Low Oil Price,"Electricity: Electric Power Sector: Combined Heat and Power: Other": Low Oil Price,AEO.2025.LOWPRICE.GEN_NA_ELEP_CHP_OTH_NA_USA_BLNKWH.A,"BkWh",0.599202,0.570473,0.564328,0.563634,0.559505,0.556713,0.553616,0.549935,0.54229,0.539789,0.537995,0.534634,0.53135,0.529408,0.526633,0.522545,0.516617,0.515299,0.535831,0.534012,0.498131,0.530192,0.522001,0.506453,0.501916,0.506318,0.506119,"-0.6%"
Alternative Transportation,"Electricity: Electric Power Sector: Combined Heat and Power: Other": Alternative Transportation,AEO.2025.ALTTRNP.GEN_NA_ELEP_CHP_OTH_NA_USA_BLNKWH.A,"BkWh",0.599202,0.569831,0.566185,0.561737,0.559483,0.555071,0.553543,0.54997,0.54642,0.543003,0.539047,0.536746,0.533851,0.530849,0.528124,0.522678,0.525073,0.519909,0.517575,0.517129,0.516317,0.514901,0.514452,0.513175,0.512156,0.51276,0.512742,"-0.6%"
Total,"Electricity: Electric Power Sector: Combined Heat and Power: Total",,"BkWh",,,,,,,,,,,,,,,,,,,,,,,,,,,,
Reference case,"Electricity: Electric Power Sector: Combined Heat and Power: Total": Reference case,AEO.2025.REF2025.GEN_NA_ELEP_CHP_TOT_NA_USA_BLNKWH.A,"BkWh",143.669662,139.024399,135.10614,135.751785,135.144836,134.6828,133.475143,134.925873,129.536789,124.770424,124.911278,124.631699,123.33181,121.585236,121.365097,121.36116,121.361504,121.36544,121.360542,121.369606,121.369736,121.373138,121.37355,121.380775,121.376801,121.405998,121.377663,"-0.6%"
High Oil Price,"Electricity: Electric Power Sector: Combined Heat and Power: Total": High Oil Price,AEO.2025.HIGHPRICE.GEN_NA_ELEP_CHP_TOT_NA_USA_BLNKWH.A,"BkWh",144.440033,139.220337,136.042419,136.385208,136.767624,136.662979,136.458084,137.807358,130.420456,129.575058,127.3283,126.297661,126.869469,123.980591,121.370422,121.371338,121.368385,121.363976,121.364738,121.363899,121.366982,121.370728,121.35675,121.364983,121.377022,121.381012,121.38002,"-0.7%"
Low Oil Price,"Electricity: Electric Power Sector: Combined Heat and Power: Total": Low Oil Price,AEO.2025.LOWPRICE.GEN_NA_ELEP_CHP_TOT_NA_USA_BLNKWH.A,"BkWh",143.659195,138.976166,134.659012,134.915466,135.896286,136.206268,133.572754,131.819244,127.203171,123.624786,122.066589,121.735397,121.795906,121.360512,121.361214,121.349571,121.339661,121.341331,121.289368,121.279808,121.191231,121.259171,121.248894,121.273438,121.270355,121.297356,121.298088,"-0.6%"
Alternative Transportation,"Electricity: Electric Power Sector: Combined Heat and Power: Total": Alternative Transportation,AEO.2025.ALTTRNP.GEN_NA_ELEP_CHP_TOT_NA_USA_BLNKWH.A,"BkWh",144.454407,138.10318,134.871063,135.789139,135.03006,134.726425,132.278275,131.886322,126.001984,123.147095,122.223495,121.643196,123.034882,122.127739,121.462318,121.405624,121.444679,121.441391,121.447319,121.461357,121.4701,121.462914,121.467995,121.465965,121.377739,121.370926,121.374344,"-0.7%"
Total Net Electric Power Sector Generation,"Electricity: Electric Power Sector: Total Net Generation",,"BkWh",,,,,,,,,,,,,,,,,,,,,,,,,,,,
Reference case,"Electricity: Electric Power Sector: Total Net Generation": Reference case,AEO.2025.REF2025.GEN_NA_ELEP_CHP_TTG_NA_USA_BLNKWH.A,"BkWh",4156.830078,4194.448242,4210.083008,4246.487305,4279.505371,4325.553711,4371.213867,4425.837891,4497.311523,4577.470215,4674.710938,4780,4892.077637,4998.012207,5099.111816,5202.568359,5296.826172,5381.183594,5466.114746,5551.03418,5622.550781,5690.032227,5757.429199,5827.508789,5901.975098,5976.84375,6057.695312,"1.5%"
High Oil Price,"Electricity: Electric Power Sector: Total Net Generation": High Oil Price,AEO.2025.HIGHPRICE.GEN_NA_ELEP_CHP_TTG_NA_USA_BLNKWH.A,"BkWh",4158.023926,4168.881836,4184.851562,4246.685547,4305.560059,4361.240234,4410.424316,4467.604004,4538.28418,4624.673828,4722.51709,4822.999512,4925.050781,5017.177246,5107.774902,5203.356445,5302.509766,5386.589844,5467.854492,5550.846191,5630.878906,5703.579102,5781.410645,5858.936523,5921.890137,5987.035645,6046.187012,"1.5%"
Low Oil Price,"Electricity: Electric Power Sector: Total Net Generation": Low Oil Price,AEO.2025.LOWPRICE.GEN_NA_ELEP_CHP_TTG_NA_USA_BLNKWH.A,"BkWh",4156.298828,4158.045898,4165.193848,4196.959961,4220.186523,4267.961426,4319.662109,4380.019531,4453.094238,4537.724609,4642.785156,4760.645996,4877.839355,4979.63623,5090.750488,5200.902832,5299.443848,5399.508301,5494.683594,5591.978027,5679.421875,5748.016602,5819.624023,5899.192871,5977.074219,6064.799805,6138.599121,"1.5%"
Alternative Transportation,"Electricity: Electric Power Sector: Total Net Generation": Alternative Transportation,AEO.2025.ALTTRNP.GEN_NA_ELEP_CHP_TTG_NA_USA_BLNKWH.A,"BkWh",4156.810059,4170.628906,4186.552246,4219.466797,4248.831055,4284.362793,4310.991211,4340.63623,4378.904297,4424.186035,4483.226562,4569.458008,4648.879395,4719.795898,4788.112793,4855.694336,4924.118164,4987.292969,5049.341309,5114.830078,5170.119629,5228.067383,5285.077637,5356.960449,5428.454102,5503.35791,5580.17627,"1.1%"
Less Direct Use,"Electricity: Electric Power Sector: Less Direct Use",,"BkWh",,,,,,,,,,,,,,,,,,,,,,,,,,,,
Reference case,"Electricity: Electric Power Sector: Less Direct Use": Reference case,AEO.2025.REF2025.GEN_NA_ELEP_CHP_LDU_NA_USA_BLNKWH.A,"BkWh",18.23296,18.23296,18.23296,18.23296,18.23296,18.232225,18.232225,18.22929,13.172355,13.172355,13.172355,13.172355,13.172355,13.172355,13.172355,13.172355,13.172355,13.172355,13.172355,13.172355,13.172355,13.172355,13.172355,13.172355,13.172355,13.172355,13.172355,"-1.2%"
High Oil Price,"Electricity: Electric Power Sector: Less Direct Use": High Oil Price,AEO.2025.HIGHPRICE.GEN_NA_ELEP_CHP_LDU_NA_USA_BLNKWH.A,"BkWh",18.23296,18.23296,18.23296,18.23296,18.23296,18.232225,18.232225,18.22929,13.172355,13.172355,13.172355,13.172355,13.172355,13.172355,13.172355,13.172355,13.172355,13.172355,13.172355,13.172355,13.172355,13.172355,13.172355,13.172355,13.172355,13.172355,13.172355,"-1.2%"
Low Oil Price,"Electricity: Electric Power Sector: Less Direct Use": Low Oil Price,AEO.2025.LOWPRICE.GEN_NA_ELEP_CHP_LDU_NA_USA_BLNKWH.A,"BkWh",18.23296,18.23296,18.23296,18.23296,18.23296,18.232225,18.232225,18.22929,13.172355,13.172355,13.172355,13.172355,13.172355,13.172355,13.172355,13.172355,13.172355,13.172355,13.172355,13.172355,13.172355,13.172355,13.172355,13.172355,13.172355,13.172355,13.172355,"-1.2%"
Alternative Transportation,"Electricity: Electric Power Sector: Less Direct Use": Alternative Transportation,AEO.2025.ALTTRNP.GEN_NA_ELEP_CHP_LDU_NA_USA_BLNKWH.A,"BkWh",18.23296,18.23296,18.23296,18.23296,18.23296,18.232225,18.232225,18.22929,13.172355,13.172355,13.172355,13.172355,13.172355,13.172355,13.172355,13.172355,13.172355,13.172355,13.172355,13.172355,13.172355,13.172355,13.172355,13.172355,13.172355,13.172355,13.172355,"-1.2%"
Net Available to the Grid,"Electricity: Electric Power Sector: Net Available to the Grid",,"BkWh",,,,,,,,,,,,,,,,,,,,,,,,,,,,
Reference case,"Electricity: Electric Power Sector: Net Available to the Grid": Reference case,AEO.2025.REF2025.GEN_NA_ELEP_NAG_NAG_NA_USA_BLNKWH.A,"BkWh",4138.597168,4176.215332,4191.850098,4228.254395,4261.272461,4307.321289,4352.981445,4407.608398,4484.13916,4564.297852,4661.538574,4766.827637,4878.905273,4984.839844,5085.939453,5189.395996,5283.653809,5368.01123,5452.942383,5537.861816,5609.378418,5676.859863,5744.256836,5814.336426,5888.802734,5963.671387,6044.522949,"1.5%"
High Oil Price,"Electricity: Electric Power Sector: Net Available to the Grid": High Oil Price,AEO.2025.HIGHPRICE.GEN_NA_ELEP_NAG_NAG_NA_USA_BLNKWH.A,"BkWh",4139.791016,4150.648926,4166.618652,4228.452637,4287.327148,4343.007812,4392.191895,4449.374512,4525.111816,4611.501465,4709.344727,4809.827148,4911.878418,5004.004883,5094.602539,5190.184082,5289.337402,5373.41748,5454.682129,5537.673828,5617.706543,5690.406738,5768.238281,5845.76416,5908.717773,5973.863281,6033.014648,"1.5%"
Low Oil Price,"Electricity: Electric Power Sector: Net Available to the Grid": Low Oil Price,AEO.2025.LOWPRICE.GEN_NA_ELEP_NAG_NAG_NA_USA_BLNKWH.A,"BkWh",4138.065918,4139.812988,4146.960938,4178.727051,4201.953613,4249.729004,4301.429688,4361.790039,4439.921875,4524.552246,4629.612793,4747.473633,4864.666992,4966.463867,5077.578125,5187.730469,5286.271484,5386.335938,5481.51123,5578.805664,5666.249512,5734.844238,5806.45166,5886.020508,5963.901855,6051.627441,6125.426758,"1.5%"
Alternative Transportation,"Electricity: Electric Power Sector: Net Available to the Grid": Alternative Transportation,AEO.2025.ALTTRNP.GEN_NA_ELEP_NAG_NAG_NA_USA_BLNKWH.A,"BkWh",4138.577148,4152.395996,4168.319336,4201.233887,4230.598145,4266.130371,4292.758789,4322.406738,4365.731934,4411.013672,4470.054199,4556.285645,4635.707031,4706.623535,4774.94043,4842.521973,4910.945801,4974.120605,5036.168945,5101.657715,5156.947266,5214.89502,5271.905273,5343.788086,5415.281738,5490.185547,5567.003906,"1.1%"
End-Use Sector,,,,,,,,,,,,,,,,,,,,,,,,,,,,,,,
Coal,"Electricity: End-Use Generation: Coal",,"BkWh",,,,,,,,,,,,,,,,,,,,,,,,,,,,
Reference case,"Electricity: End-Use Generation: Coal": Reference case,AEO.2025.REF2025.GEN_NA_ELEP_EUG_CL_NA_USA_BLNKWH.A,"BkWh",5.455129,5.434911,5.417312,5.37006,5.328646,5.297335,5.271273,5.253186,5.231633,5.20529,5.185769,5.165912,5.148301,5.129432,5.112261,5.09707,5.080904,5.062648,5.043722,5.0248,5.006992,4.986792,4.96558,4.944881,4.926904,4.906837,4.886189,"-0.4%"
High Oil Price,"Electricity: End-Use Generation: Coal": High Oil Price,AEO.2025.HIGHPRICE.GEN_NA_ELEP_EUG_CL_NA_USA_BLNKWH.A,"BkWh",5.45513,5.413587,5.414413,5.404201,5.362434,5.331493,5.311306,5.289454,5.266969,5.248154,5.221591,5.199883,5.176487,5.145892,5.122851,5.102067,5.083472,5.05799,5.037204,5.016844,4.999679,4.976184,4.956669,4.929762,4.908833,4.879783,4.853793,"-0.4%"
Low Oil Price,"Electricity: End-Use Generation: Coal": Low Oil Price,AEO.2025.LOWPRICE.GEN_NA_ELEP_EUG_CL_NA_USA_BLNKWH.A,"BkWh",5.45513,5.391638,5.36292,5.305685,5.261115,5.241049,5.227358,5.219679,5.201352,5.183681,5.164957,5.145677,5.128111,5.109973,5.09353,5.079381,5.067027,5.051237,5.035631,5.020113,5.003939,4.986013,4.965847,4.947515,4.928679,4.907716,4.886328,"-0.4%"
Alternative Transportation,"Electricity: End-Use Generation: Coal": Alternative Transportation,AEO.2025.ALTTRNP.GEN_NA_ELEP_EUG_CL_NA_USA_BLNKWH.A,"BkWh",5.45513,5.435157,5.414906,5.372907,5.328462,5.297115,5.270024,5.250023,5.227701,5.202953,5.179196,5.156559,5.137389,5.114855,5.095139,5.076151,5.057081,5.037269,5.01577,4.994243,4.973517,4.952277,4.928499,4.908669,4.888649,4.866945,4.844744,"-0.5%"
Petroleum,"Electricity: End-Use Generation: Petroleum",,"BkWh",,,,,,,,,,,,,,,,,,,,,,,,,,,,
Reference case,"Electricity: End-Use Generation: Petroleum": Reference case,AEO.2025.REF2025.GEN_NA_ELEP_EUG_PET_NA_USA_BLNKWH.A,"BkWh",0.782745,0.780664,0.526836,0.521031,0.516013,0.5124,0.509545,0.507829,0.505643,0.502731,0.500819,0.498863,0.497225,0.495469,0.493964,0.492729,0.491408,0.489776,0.48803,0.486345,0.484779,0.482868,0.480731,0.478745,0.477208,0.47533,0.473398,"-1.9%"
High Oil Price,"Electricity: End-Use Generation: Petroleum": High Oil Price,AEO.2025.HIGHPRICE.GEN_NA_ELEP_EUG_PET_NA_USA_BLNKWH.A,"BkWh",0.782745,0.777701,0.526443,0.525847,0.520857,0.51732,0.515308,0.513032,0.510708,0.508897,0.506005,0.503822,0.501367,0.497888,0.495523,0.493535,0.491922,0.489329,0.487314,0.48553,0.484109,0.481709,0.479889,0.476968,0.474993,0.471739,0.468908,"-2.0%"
Low Oil Price,"Electricity: End-Use Generation: Petroleum": Low Oil Price,AEO.2025.LOWPRICE.GEN_NA_ELEP_EUG_PET_NA_USA_BLNKWH.A,"BkWh",0.782745,0.774663,0.519254,0.512001,0.506442,0.50436,0.503226,0.502959,0.501202,0.499486,0.497636,0.495751,0.49408,0.492385,0.490941,0.489792,0.489,0.487709,0.486422,0.485234,0.483879,0.482276,0.480258,0.478608,0.476879,0.474784,0.472645,"-1.9%"
Alternative Transportation,"Electricity: End-Use Generation: Petroleum": Alternative Transportation,AEO.2025.ALTTRNP.GEN_NA_ELEP_EUG_PET_NA_USA_BLNKWH.A,"BkWh",0.782745,0.780699,0.526501,0.52143,0.515984,0.512368,0.509364,0.50737,0.505079,0.502401,0.499864,0.497513,0.495664,0.49338,0.491517,0.489729,0.487988,0.486146,0.484027,0.481979,0.479981,0.477903,0.475358,0.47357,0.47174,0.469566,0.467318,"-2.0%"
Natural Gas,"Electricity: End-Use Generation: Natural Gas",,"BkWh",,,,,,,,,,,,,,,,,,,,,,,,,,,,
Reference case,"Electricity: End-Use Generation: Natural Gas": Reference case,AEO.2025.REF2025.GEN_NA_ELEP_EUG_NG_NA_USA_BLNKWH.A,"BkWh",112.325935,113.083939,112.577965,112.809601,113.330696,113.822777,114.707817,115.391754,115.986771,116.56398,117.203995,117.851669,118.531876,119.226624,119.956047,120.727676,121.523354,122.321548,123.144547,123.994759,124.88015,125.762459,126.65107,127.576836,128.56395,129.544418,130.543427,"0.6%"
High Oil Price,"Electricity: End-Use Generation: Natural Gas": High Oil Price,AEO.2025.HIGHPRICE.GEN_NA_ELEP_EUG_NG_NA_USA_BLNKWH.A,"BkWh",112.330406,112.980759,112.624046,113.289894,113.71492,114.208649,115.199997,115.805313,116.408241,117.063911,117.649223,118.292587,118.929375,119.503105,120.162895,120.855194,121.592957,122.279991,123.029228,123.814873,124.65657,125.44809,126.317856,127.117958,128.019089,128.824966,129.679733,"0.6%"
Low Oil Price,"Electricity: End-Use Generation: Natural Gas": Low Oil Price,AEO.2025.LOWPRICE.GEN_NA_ELEP_EUG_NG_NA_USA_BLNKWH.A,"BkWh",112.310471,112.656792,111.99411,112.177864,112.473434,112.995796,113.836555,114.568222,114.901421,115.232292,116.138565,116.657333,117.339478,117.847618,118.423538,119.193565,119.988579,120.569252,121.282166,122.105659,123.101532,123.915672,124.863457,126.371803,127.305878,128.23494,128.857635,"0.5%"
Alternative Transportation,"Electricity: End-Use Generation: Natural Gas": Alternative Transportation,AEO.2025.ALTTRNP.GEN_NA_ELEP_EUG_NG_NA_USA_BLNKWH.A,"BkWh",112.324013,113.076683,112.461929,112.907654,113.301895,113.789711,114.70517,115.303741,115.872742,116.397644,117.011307,117.503197,118.124855,118.716545,119.328522,119.957062,120.614754,121.292267,121.976395,122.686852,123.422676,124.169579,124.893456,125.69825,126.515694,127.312943,128.119751,"0.5%"
Other Gaseous Fuels,"Electricity: End-Use Generation: Other Gaseous Fuels",,"BkWh",,,,,,,,,,,,,,,,,,,,,,,,,,,,
Reference case,"Electricity: End-Use Generation: Other Gaseous Fuels": Reference case,AEO.2025.REF2025.GEN_NA_ELEP_EUG_OGF_NA_USA_BLNKWH.A,"BkWh",10.203054,10.454554,11.760893,11.733401,11.762781,11.762781,11.74999,11.762782,11.762781,11.762781,11.762781,11.762781,11.762782,11.762782,11.762781,11.762781,11.762781,11.762781,11.762781,11.762781,11.762781,11.762782,11.762782,11.762782,11.762782,11.762781,11.762782,"0.5%"
High Oil Price,"Electricity: End-Use Generation: Other Gaseous Fuels": High Oil Price,AEO.2025.HIGHPRICE.GEN_NA_ELEP_EUG_OGF_NA_USA_BLNKWH.A,"BkWh",10.203054,10.454554,11.762781,11.762781,11.762781,11.762781,11.762781,11.762781,11.762781,11.762781,11.762781,11.762781,11.762781,11.762781,11.762781,11.762781,11.762781,11.762781,11.762781,11.762781,11.762782,11.762782,11.762782,11.762782,11.762781,11.762781,11.762781,"0.5%"
Low Oil Price,"Electricity: End-Use Generation: Other Gaseous Fuels": Low Oil Price,AEO.2025.LOWPRICE.GEN_NA_ELEP_EUG_OGF_NA_USA_BLNKWH.A,"BkWh",10.203054,10.454554,11.762781,11.762781,11.762781,11.762781,11.724255,11.734821,11.67437,11.606739,11.686229,11.666966,11.681513,11.650059,11.626122,11.638399,11.641685,11.593798,11.571231,11.56726,11.601815,11.589325,11.613325,11.762781,11.762781,11.762781,11.680079,"0.5%"
Alternative Transportation,"Electricity: End-Use Generation: Other Gaseous Fuels": Alternative Transportation,AEO.2025.ALTTRNP.GEN_NA_ELEP_EUG_OGF_NA_USA_BLNKWH.A,"BkWh",10.203054,10.454554,11.740745,11.756531,11.762781,11.762781,11.762781,11.762781,11.762555,11.751835,11.762781,11.748646,11.758366,11.762781,11.762781,11.762781,11.762781,11.762781,11.762781,11.762781,11.762781,11.762781,11.762781,11.762781,11.762781,11.762781,11.762781,"0.5%"
Renewable Sources,"Electricity: End-Use Generation: Renewable Sources",,"BkWh",,,,,,,,,,,,,,,,,,,,,,,,,,,,
Reference case,"Electricity: End-Use Generation: Renewable Sources": Reference case,AEO.2025.REF2025.GEN_NA_ELEP_EUG_RNWBSRC_NA_USA_BLNKWH.A,"BkWh",131.796555,145.895966,159.942123,169.923462,180.406204,191.837494,204.619095,219.235443,232.648224,247.233276,259.914551,269.972168,279.810974,290.184814,299.948395,309.137299,319.212524,329.949768,341.334351,353.017578,365.035553,377.087921,389.715454,402.082092,414.704376,426.959686,438.952789,"4.7%"
High Oil Price,"Electricity: End-Use Generation: Renewable Sources": High Oil Price,AEO.2025.HIGHPRICE.GEN_NA_ELEP_EUG_RNWBSRC_NA_USA_BLNKWH.A,"BkWh",131.804016,145.337341,159.40712,169.903763,179.78923,190.193649,202.129974,215.683929,229.609421,243.050537,253.913132,262.840515,272.189453,282.180756,292.475616,301.767914,311.045654,321.897339,332.999329,344.198334,355.33194,367.13739,379.492554,391.897522,404.410034,417.248077,430.170135,"4.7%"
Low Oil Price,"Electricity: End-Use Generation: Renewable Sources": Low Oil Price,AEO.2025.LOWPRICE.GEN_NA_ELEP_EUG_RNWBSRC_NA_USA_BLNKWH.A,"BkWh",131.802002,145.271866,159.222031,169.357315,181.203964,193.393784,207.83078,224.109756,238.691833,253.392029,266.302673,276.969849,287.712708,298.618744,309.143097,319.085785,327.845276,336.335693,344.899933,355.583588,366.443604,377.560211,387.716095,398.62912,409.589203,420.553772,432.090881,"4.7%"
Alternative Transportation,"Electricity: End-Use Generation: Renewable Sources": Alternative Transportation,AEO.2025.ALTTRNP.GEN_NA_ELEP_EUG_RNWBSRC_NA_USA_BLNKWH.A,"BkWh",131.803314,145.839951,159.802643,169.984314,180.267395,191.945206,204.910202,219.282547,232.973328,247.584076,260.446442,270.279022,280.026794,290.760956,301.081268,310.98703,321.835022,333.534851,345.243866,356.965576,368.981934,381.181824,393.432617,406.031708,418.210754,430.553009,442.422943,"4.8%"
Other,"Electricity: End-Use Generation: Other",,"BkWh",,,,,,,,,,,,,,,,,,,,,,,,,,,,
Reference case,"Electricity: End-Use Generation: Other": Reference case,AEO.2025.REF2025.GEN_NA_ELEP_EUG_OTH_NA_USA_BLNKWH.A,"BkWh",1.567946,1.567946,1.857026,1.857026,1.857026,1.857026,1.857026,1.857026,1.857026,1.857026,1.857026,1.857026,1.857026,1.857026,1.857026,1.857026,1.857026,1.857026,1.857026,1.857026,1.857026,1.857026,1.857026,1.857026,1.857026,1.857026,1.857026,"0.7%"
High Oil Price,"Electricity: End-Use Generation: Other": High Oil Price,AEO.2025.HIGHPRICE.GEN_NA_ELEP_EUG_OTH_NA_USA_BLNKWH.A,"BkWh",1.567946,1.567946,1.857026,1.857026,1.857026,1.857026,1.857026,1.857026,1.857026,1.857026,1.857026,1.857026,1.857026,1.857026,1.857026,1.857026,1.857026,1.857026,1.857026,1.857026,1.857026,1.857026,1.857026,1.857026,1.857026,1.857026,1.857026,"0.7%"
Low Oil Price,"Electricity: End-Use Generation: Other": Low Oil Price,AEO.2025.LOWPRICE.GEN_NA_ELEP_EUG_OTH_NA_USA_BLNKWH.A,"BkWh",1.567946,1.567946,1.857026,1.857026,1.857026,1.857026,1.857026,1.857026,1.857026,1.857026,1.857026,1.857026,1.857026,1.857026,1.857026,1.857026,1.857026,1.857026,1.857026,1.857026,1.857026,1.857026,1.857026,1.857026,1.857026,1.857026,1.857026,"0.7%"
Alternative Transportation,"Electricity: End-Use Generation: Other": Alternative Transportation,AEO.2025.ALTTRNP.GEN_NA_ELEP_EUG_OTH_NA_USA_BLNKWH.A,"BkWh",1.567946,1.567946,1.857026,1.857026,1.857026,1.857026,1.857026,1.857026,1.857026,1.857026,1.857026,1.857026,1.857026,1.857026,1.857026,1.857026,1.857026,1.857026,1.857026,1.857026,1.857026,1.857026,1.857026,1.857026,1.857026,1.857026,1.857026,"0.7%"
Total End-Use Sector Net Generation,"Electricity: End-Use Generation: Total",,"BkWh",,,,,,,,,,,,,,,,,,,,,,,,,,,,
Reference case,"Electricity: End-Use Generation: Total": Reference case,AEO.2025.REF2025.GEN_NA_ELEP_EUG_TOT_NA_USA_BLNKWH.A,"BkWh",262.131348,277.217957,292.082153,302.214569,313.201385,325.089813,338.714752,354.008026,367.992096,383.125092,396.424957,407.108429,417.608185,428.656158,439.130463,449.074585,459.928009,471.443542,483.630463,496.14328,509.027283,521.93988,535.432678,548.702393,562.292297,575.506104,588.475647,"3.2%"
High Oil Price,"Electricity: End-Use Generation: Total": High Oil Price,AEO.2025.HIGHPRICE.GEN_NA_ELEP_EUG_TOT_NA_USA_BLNKWH.A,"BkWh",262.14328,276.53186,291.591827,302.7435,313.007233,323.870941,336.776398,350.91153,365.415131,379.491302,390.90976,400.456635,410.416473,420.947449,431.876678,441.838531,451.833832,463.344452,475.172882,487.135406,499.092102,511.663177,524.866821,538.042053,551.4328,565.044434,578.792419,"3.1%"
Low Oil Price,"Electricity: End-Use Generation: Total": Low Oil Price,AEO.2025.LOWPRICE.GEN_NA_ELEP_EUG_TOT_NA_USA_BLNKWH.A,"BkWh",262.121338,276.117432,290.718109,300.972687,313.064758,325.754791,340.979218,357.992462,372.827209,387.771271,401.647064,412.792603,424.212921,435.575806,446.634247,457.343964,466.88858,475.894714,485.132416,496.618866,508.491791,520.390564,531.496033,544.046875,555.920471,567.791077,579.844604,"3.1%"
Alternative Transportation,"Electricity: End-Use Generation: Total": Alternative Transportation,AEO.2025.ALTTRNP.GEN_NA_ELEP_EUG_TOT_NA_USA_BLNKWH.A,"BkWh",262.136169,277.154968,291.803741,302.399872,313.033539,325.164215,339.014557,353.96347,368.198425,383.295929,396.756622,407.041962,417.400085,428.705536,439.616241,450.129791,461.614655,473.970337,486.339874,498.748444,511.477936,524.401428,537.349792,550.732056,563.706665,576.822327,589.474609,"3.2%"
Less Direct Use,"Electricity: End-Use Generation: Less Direct Use",,"BkWh",,,,,,,,,,,,,,,,,,,,,,,,,,,,
Reference case,"Electricity: End-Use Generation: Less Direct Use": Reference case,AEO.2025.REF2025.GEN_NA_ELEP_EUG_LDU_NA_USA_BLNKWH.A,"BkWh",207.707336,220.729874,242.265457,250.897827,260.051971,270.091675,281.504852,294.288177,305.816223,318.505981,329.458038,338.214935,346.722504,355.710449,364.058746,372.002716,381.005157,390.510681,400.278168,410.909607,421.854767,432.735291,444.045013,455.295258,466.678589,477.625061,488.342316,"3.3%"
High Oil Price,"Electricity: End-Use Generation: Less Direct Use": High Oil Price,AEO.2025.HIGHPRICE.GEN_NA_ELEP_EUG_LDU_NA_USA_BLNKWH.A,"BkWh",207.716522,220.074188,242.08815,251.419418,259.876617,268.949799,279.752899,291.705627,303.935638,315.70166,324.960358,332.777008,340.994812,349.782959,358.862305,367.013428,375.115326,384.787506,394.62323,404.686981,414.599915,425.268097,436.214172,447.306976,458.553253,469.94928,481.472717,"3.3%"
Low Oil Price,"Electricity: End-Use Generation: Less Direct Use": Low Oil Price,AEO.2025.LOWPRICE.GEN_NA_ELEP_EUG_LDU_NA_USA_BLNKWH.A,"BkWh",207.699997,219.736633,241.291199,249.769333,259.979187,270.72049,283.566895,298.014404,310.318268,322.708893,333.749451,342.661621,351.837524,361.078156,369.890503,378.432495,385.92804,392.987091,400.292938,409.940552,419.871368,429.86084,438.859314,449.267151,458.929749,468.684784,478.774597,"3.3%"
Alternative Transportation,"Electricity: End-Use Generation: Less Direct Use": Alternative Transportation,AEO.2025.ALTTRNP.GEN_NA_ELEP_EUG_LDU_NA_USA_BLNKWH.A,"BkWh",207.711151,220.6875,242.1595,250.84491,259.883148,270.126831,281.741119,294.299438,306.219879,318.877716,329.943634,338.370178,346.808258,356.15271,364.99292,373.443634,382.865601,393.158295,403.392792,413.662048,424.258514,434.963959,445.710144,456.762329,467.416504,478.159668,488.479797,"3.3%"
Total Sales to the Grid,"Electricity: End-Use Generation: Total Sales to the Grid",,"BkWh",,,,,,,,,,,,,,,,,,,,,,,,,,,,
Reference case,"Electricity: End-Use Generation: Total Sales to the Grid": Reference case,AEO.2025.REF2025.GEN_NA_ELEP_EUG_TSG_NA_USA_BLNKWH.A,"BkWh",54.424019,56.488121,49.816711,51.31675,53.149361,54.998127,57.209888,59.719883,62.175816,64.619087,66.966881,68.893517,70.885712,72.945732,75.071739,77.071899,78.922928,80.932846,83.35228,85.233673,87.172523,89.204559,91.387611,93.407143,95.613762,97.881035,100.133339,"2.4%"
High Oil Price,"Electricity: End-Use Generation: Total Sales to the Grid": High Oil Price,AEO.2025.HIGHPRICE.GEN_NA_ELEP_EUG_TSG_NA_USA_BLNKWH.A,"BkWh",54.426781,56.457714,49.503651,51.324074,53.130627,54.921108,57.023445,59.205891,61.479504,63.789639,65.949402,67.679558,69.421707,71.164536,73.014473,74.825127,76.718513,78.556969,80.549622,82.448418,84.492195,86.395149,88.652664,90.735001,92.879601,95.095116,97.319717,"2.3%"
Low Oil Price,"Electricity: End-Use Generation: Total Sales to the Grid": Low Oil Price,AEO.2025.LOWPRICE.GEN_NA_ELEP_EUG_TSG_NA_USA_BLNKWH.A,"BkWh",54.421333,56.380814,49.42691,51.203308,53.085575,55.034317,57.412273,59.978058,62.508923,65.062317,67.897606,70.130974,72.375397,74.497673,76.743805,78.911545,80.960625,82.907661,84.839531,86.678368,88.620422,90.529747,92.636742,94.779778,96.99073,99.1063,101.070091,"2.4%"
Alternative Transportation,"Electricity: End-Use Generation: Total Sales to the Grid": Alternative Transportation,AEO.2025.ALTTRNP.GEN_NA_ELEP_EUG_TSG_NA_USA_BLNKWH.A,"BkWh",54.425072,56.467484,49.644203,51.554913,53.150391,55.037395,57.273449,59.664028,61.97855,64.418213,66.812958,68.671753,70.591843,72.552872,74.623352,76.68615,78.749123,80.812035,82.947098,85.086418,87.219444,89.437424,91.639641,93.969719,96.29026,98.662636,100.994728,"2.4%"
Total Net Electricity Generation by Fuel,,,,,,,,,,,,,,,,,,,,,,,,,,,,,,,
Coal,"Electricity: Total Electricity Generation by Fuel: Coal",,"BkWh",,,,,,,,,,,,,,,,,,,,,,,,,,,,
Reference case,"Electricity: Total Electricity Generation by Fuel: Coal": Reference case,AEO.2025.REF2025.GEN_NA_ELEP_TGE_CL_NA_USA_BLNKWH.A,"BkWh",659.88385,661.94397,580.355469,473.884583,451.97699,413.291656,341.033661,308.852051,57.061493,55.702545,51.606007,49.313267,45.086525,40.277287,36.558647,18.63512,18.648163,18.65625,18.406296,18.384193,14.782528,14.00434,7.626621,6.684648,6.676972,6.672753,6.654962,"-16.2%"
High Oil Price,"Electricity: Total Electricity Generation by Fuel: Coal": High Oil Price,AEO.2025.HIGHPRICE.GEN_NA_ELEP_TGE_CL_NA_USA_BLNKWH.A,"BkWh",659.883972,666.653442,534.407898,426.413269,399.77124,382.291992,314.012024,287.429504,54.495457,50.730209,49.386482,45.625626,42.634132,40.057358,37.616013,21.793215,21.808659,21.288647,21.397137,21.419615,19.820459,19.995619,16.711414,16.385862,16.326883,15.611383,15.114818,"-13.5%"
Low Oil Price,"Electricity: Total Electricity Generation by Fuel: Coal": Low Oil Price,AEO.2025.LOWPRICE.GEN_NA_ELEP_TGE_CL_NA_USA_BLNKWH.A,"BkWh",659.883545,665.198669,629.729675,531.730225,517.356812,481.106964,379.945557,365.336578,69.152687,67.80365,67.997719,66.877197,63.260757,60.382008,57.346508,23.735489,23.30913,22.589104,22.569105,23.03949,7.368902,6.584876,6.102745,6.117353,6.003928,6.001345,5.995172,"-16.5%"
Alternative Transportation,"Electricity: Total Electricity Generation by Fuel: Coal": Alternative Transportation,AEO.2025.ALTTRNP.GEN_NA_ELEP_TGE_CL_NA_USA_BLNKWH.A,"BkWh",659.884094,661.944336,577.701416,460.898651,442.360504,396.621735,315.404053,285.497681,57.188614,56.470715,52.360344,50.256271,43.90258,41.62611,38.144024,23.099539,23.103096,23.134731,22.77006,22.772764,20.367229,20.35944,10.074354,10.0636,9.758591,8.541059,7.571022,"-15.8%"
Petroleum,"Electricity: Total Electricity Generation by Fuel: Petroleum",,"BkWh",,,,,,,,,,,,,,,,,,,,,,,,,,,,
Reference case,"Electricity: Total Electricity Generation by Fuel: Petroleum": Reference case,AEO.2025.REF2025.GEN_NA_ELEP_TGE_PET_NA_USA_BLNKWH.A,"BkWh",11.264788,11.039929,10.272146,9.561087,9.033526,8.720842,8.296393,7.970081,7.009903,6.946653,6.986776,6.965244,6.94043,6.854872,6.733303,6.699531,6.618481,6.244616,5.782524,5.346908,4.811613,4.365461,4.37239,4.378177,4.422545,4.468583,4.507135,"-3.5%"
High Oil Price,"Electricity: Total Electricity Generation by Fuel: Petroleum": High Oil Price,AEO.2025.HIGHPRICE.GEN_NA_ELEP_TGE_PET_NA_USA_BLNKWH.A,"BkWh",11.275074,10.988132,10.004216,9.341865,8.844247,8.64197,8.22029,7.903098,6.981957,6.966843,7.010748,6.980538,6.950306,6.841527,6.736557,6.667889,6.608721,6.217947,5.763325,5.328965,4.808813,4.344194,4.377567,4.38812,4.428422,4.459597,4.488541,"-3.5%"
Low Oil Price,"Electricity: Total Electricity Generation by Fuel: Petroleum": Low Oil Price,AEO.2025.LOWPRICE.GEN_NA_ELEP_TGE_PET_NA_USA_BLNKWH.A,"BkWh",11.264777,16.058926,15.689063,14.97062,14.399935,14.135562,13.622464,13.458433,12.332714,12.296911,12.313903,12.335233,12.248848,11.481782,10.866848,10.8591,8.642708,8.310359,7.552892,6.452847,5.887516,4.5368,4.544617,4.557763,5.528577,5.574542,5.619305,"-2.6%"
Alternative Transportation,"Electricity: Total Electricity Generation by Fuel: Petroleum": Alternative Transportation,AEO.2025.ALTTRNP.GEN_NA_ELEP_TGE_PET_NA_USA_BLNKWH.A,"BkWh",11.266492,11.012968,10.212299,9.464615,8.930352,8.593435,8.073422,7.711734,6.732788,6.641611,6.626257,6.603228,6.544979,6.427151,6.284821,6.236451,6.140749,5.748522,5.327278,4.933266,4.441984,4.058047,4.042055,4.033688,4.05302,4.064025,4.104819,"-3.8%"
Natural Gas,"Electricity: Total Electricity Generation by Fuel: Natural Gas",,"BkWh",,,,,,,,,,,,,,,,,,,,,,,,,,,,
Reference case,"Electricity: Total Electricity Generation by Fuel: Natural Gas": Reference case,AEO.2025.REF2025.GEN_NA_ELEP_TGE_NG_NA_USA_BLNKWH.A,"BkWh",1900.675049,1807.717529,1732.139771,1781.566528,1778.306763,1771.270264,1774.405273,1724.037476,1878.928223,1758.11499,1643.79248,1558.208984,1483.360718,1365.121582,1289.989502,1253.923828,1259.056763,1283.459106,1275.21875,1285.393433,1290.918945,1292.53833,1286.136719,1283.974365,1288.699585,1283.847412,1269.984497,"-1.5%"
High Oil Price,"Electricity: Total Electricity Generation by Fuel: Natural Gas": High Oil Price,AEO.2025.HIGHPRICE.GEN_NA_ELEP_TGE_NG_NA_USA_BLNKWH.A,"BkWh",1901.392456,1776.786865,1752.911621,1827.07605,1868.356201,1868.17749,1897.69458,1878.83252,2054.996094,1985.789673,1896.539429,1801.88147,1730.51123,1618.693604,1518.925903,1411.355103,1393.989258,1340.314941,1347.800781,1364.200073,1381.21228,1399.176147,1398.167847,1403.772217,1394.365601,1390.917114,1374.425903,"-1.2%"
Low Oil Price,"Electricity: Total Electricity Generation by Fuel: Natural Gas": Low Oil Price,AEO.2025.LOWPRICE.GEN_NA_ELEP_TGE_NG_NA_USA_BLNKWH.A,"BkWh",1899.591187,1768.024658,1632.14502,1669.499268,1614.238037,1575.19873,1584.538208,1498.928467,1685.013306,1593.321655,1505.22168,1432.351196,1364.164307,1232.339355,1109.939941,1057.421753,1021.495239,967.499756,895.762634,846.182373,846.10376,848.804871,866.61261,901.171631,937.97876,972.055603,1017.523804,"-2.4%"
Alternative Transportation,"Electricity: Total Electricity Generation by Fuel: Natural Gas": Alternative Transportation,AEO.2025.ALTTRNP.GEN_NA_ELEP_TGE_NG_NA_USA_BLNKWH.A,"BkWh",1900.400879,1788.387451,1711.686768,1770.179932,1763.581055,1747.252319,1738.018677,1659.107422,1750.545654,1632.613281,1513.56665,1427.987793,1332.310303,1267.085693,1248.346436,1209.045898,1207.776855,1230.27063,1250.633179,1269.812744,1280.657471,1285.317139,1294.511597,1294.092651,1294.352173,1291.696411,1295.599243,"-1.5%"
Nuclear Power,"Electricity: Total Electricity Generation by Fuel: Nuclear",,"BkWh",,,,,,,,,,,,,,,,,,,,,,,,,,,,
Reference case,"Electricity: Total Electricity Generation by Fuel: Nuclear": Reference case,AEO.2025.REF2025.GEN_NA_ELEP_TGE_NUP_NA_USA_BLNKWH.A,"BkWh",777.128174,794.888184,799.811096,797.992737,797.979126,797.975098,789.046265,780.749023,780.7323,780.753601,779.612793,774.709961,756.736938,754.233643,748.849731,747.583496,737.399902,726.046753,725.463989,730.616638,735.479919,734.855286,734.698242,735.171143,736.507324,736.513672,736.330322,"-0.2%"
High Oil Price,"Electricity: Total Electricity Generation by Fuel: Nuclear": High Oil Price,AEO.2025.HIGHPRICE.GEN_NA_ELEP_TGE_NUP_NA_USA_BLNKWH.A,"BkWh",777.128174,795.13916,799.811646,797.993164,797.968872,797.968384,789.057129,780.747559,780.734192,780.753601,780.753601,780.753113,780.40686,773.041992,762.596924,757.523926,747.822144,737.463013,728.521973,731.669861,736.478394,738.85083,727.89978,715.972595,715.097534,715.360107,710.669434,"-0.3%"
Low Oil Price,"Electricity: Total Electricity Generation by Fuel: Nuclear": Low Oil Price,AEO.2025.LOWPRICE.GEN_NA_ELEP_TGE_NUP_NA_USA_BLNKWH.A,"BkWh",777.128174,789.304749,799.806641,797.987244,797.980835,797.971558,789.037964,780.734863,780.734924,780.753601,778.484741,775.791016,755.979614,755.830505,756.509216,750.994629,747.862976,733.594971,706.869629,671.382019,650.311523,675.342957,707.123535,735.835205,751.32312,760.397095,773.809692,"-0.0%"
Alternative Transportation,"Electricity: Total Electricity Generation by Fuel: Nuclear": Alternative Transportation,AEO.2025.ALTTRNP.GEN_NA_ELEP_TGE_NUP_NA_USA_BLNKWH.A,"BkWh",777.128174,790.406921,799.811646,797.992188,797.979126,797.975098,789.045776,780.749512,780.738281,775.572571,771.909668,758.935608,750.315796,733.878662,727.441833,723.393555,703.87793,698.96167,699.461914,704.953857,709.171631,702.272766,702.072021,701.585571,698.774902,695.359009,694.015747,"-0.4%"
Renewable Sources,"Electricity: Total Electricity Generation by Fuel: Renewable Sources",,"BkWh",,,,,,,,,,,,,,,,,,,,,,,,,,,,
Reference case,"Electricity: Total Electricity Generation by Fuel: Renewable Sources": Reference case,AEO.2025.REF2025.GEN_NA_ELEP_TGE_RSU_NA_USA_BLNKWH.A,"BkWh",1059.801758,1187.801025,1371.314941,1478.438965,1548.405273,1652.527588,1791.349121,1952.474731,2136.968994,2355.498535,2587.13208,2797.161865,3017.949463,3262.484863,3460.756348,3632.263916,3746.07959,3833.031006,3944.529785,4030.596191,4112.548828,4196.390625,4294.04541,4382.783203,4468.79834,4566.912598,4679.67627,"5.9%"
High Oil Price,"Electricity: Total Electricity Generation by Fuel: Renewable Sources": High Oil Price,AEO.2025.HIGHPRICE.GEN_NA_ELEP_TGE_RSU_NA_USA_BLNKWH.A,"BkWh",1060.270386,1187.404541,1370.818726,1480.758423,1536.034668,1620.963501,1731.94812,1857.032593,2000.182373,2174.529297,2375.95874,2585.824463,2774.181152,3000.651855,3217.184326,3454.094727,3593.157959,3757.404785,3855.968018,3935.719238,4012.039307,4079.81543,4188.197266,4287.736816,4376.943359,4462.606934,4559.099609,"5.8%"
Low Oil Price,"Electricity: Total Electricity Generation by Fuel: Renewable Sources": Low Oil Price,AEO.2025.LOWPRICE.GEN_NA_ELEP_TGE_RSU_NA_USA_BLNKWH.A,"BkWh",1060.342773,1187.189087,1370.37561,1476.074585,1581.962524,1718.482666,1887.625244,2073.651611,2274.362793,2468.26123,2678.80835,2886.179199,3108.842041,3360.412842,3611.984863,3828.2229,3982.525879,4166.517578,4376.009277,4571.696777,4709.245117,4765.556152,4800.543945,4829.280762,4866.130371,4923.79248,4952.285156,"6.1%"
Alternative Transportation,"Electricity: Total Electricity Generation by Fuel: Renewable Sources": Alternative Transportation,AEO.2025.ALTTRNP.GEN_NA_ELEP_TGE_RSU_NA_USA_BLNKWH.A,"BkWh",1060.05603,1187.696045,1370.564941,1475.947266,1541.810059,1652.346802,1793.857056,1955.921387,2147.277344,2332.571045,2533.040771,2730.889893,2932.825439,3101.22168,3211.430176,3350.742676,3454.847412,3516.232666,3572.193848,3627.820068,3685.912109,3761.722412,3835.250732,3923.574463,4014.187744,4112.830566,4201.687012,"5.4%"
Hydrogen,"Electricity: Total Electricity Generation by Fuel: Hydrogen",,"BkWh",,,,,,,,,,,,,,,,,,,,,,,,,,,,
Reference case,"Electricity: Total Electricity Generation by Fuel: Hydrogen": Reference case,AEO.2025.REF2025.GEN_NA_ELEP_TGE_HDG_NA_USA_BLNKWH.A,"BkWh",0,0,0,0,0,0,0,0,0,0,0,0,0,0,0,0,0,0,0,0,0,0,0,0,0,0,0,"- -"
High Oil Price,"Electricity: Total Electricity Generation by Fuel: Hydrogen": High Oil Price,AEO.2025.HIGHPRICE.GEN_NA_ELEP_TGE_HDG_NA_USA_BLNKWH.A,"BkWh",0,0,0,0,0,0,0,0,0,0,0,0,0,0,0,0,0,0,0,0,0,0,0,0,0,0,0,"- -"
Low Oil Price,"Electricity: Total Electricity Generation by Fuel: Hydrogen": Low Oil Price,AEO.2025.LOWPRICE.GEN_NA_ELEP_TGE_HDG_NA_USA_BLNKWH.A,"BkWh",0,0,0.003751,0,0,0,0,0,0.017673,0.020411,0.022811,0.022811,0.022811,0,0,0,0,0,0,0,0,0,0,0,0,0,0,"- -"
Alternative Transportation,"Electricity: Total Electricity Generation by Fuel: Hydrogen": Alternative Transportation,AEO.2025.ALTTRNP.GEN_NA_ELEP_TGE_HDG_NA_USA_BLNKWH.A,"BkWh",0,0,0,0,0,0,0,0,0.008658,0.01,0,0.002317,0.011176,0.011176,0.011176,0.011176,0.011176,0.011176,0.011176,0.011176,0.011176,0.011176,0.011176,0.011176,0.011176,0.011176,0.011176,"- -"
Other,"Electricity: Total Electricity Generation by Fuel: Other",,"BkWh",,,,,,,,,,,,,,,,,,,,,,,,,,,,
Reference case,"Electricity: Total Electricity Generation by Fuel: Other": Reference case,AEO.2025.REF2025.GEN_NA_ELEP_TGE_OTH_NA_USA_BLNKWH.A,"BkWh",10.207611,8.275801,8.27164,7.257997,7.005013,6.858212,5.797681,5.762837,4.603074,3.578962,2.00565,0.748445,-0.3888,-2.304007,-4.645158,-7.463088,-11.048646,-14.810016,-19.65608,-23.16041,-26.963751,-30.182537,-34.017643,-36.780613,-40.83736,-46.064804,-50.981785,"- -"
High Oil Price,"Electricity: Total Electricity Generation by Fuel: Other": High Oil Price,AEO.2025.HIGHPRICE.GEN_NA_ELEP_TGE_OTH_NA_USA_BLNKWH.A,"BkWh",10.217012,8.441711,8.489499,7.846534,7.592283,7.067423,6.268139,6.570442,6.309298,5.395405,3.77818,2.391317,0.78321,-1.161774,-3.408555,-6.239812,-9.042951,-12.754596,-16.423874,-20.3557,-24.388672,-26.939796,-29.076599,-31.276962,-33.838982,-36.874878,-38.818848,"- -"
Low Oil Price,"Electricity: Total Electricity Generation by Fuel: Other": Low Oil Price,AEO.2025.LOWPRICE.GEN_NA_ELEP_TGE_OTH_NA_USA_BLNKWH.A,"BkWh",10.209572,8.387373,8.162261,7.670846,7.312622,6.821406,5.872316,5.901824,4.307286,3.038439,1.583259,-0.118215,-2.466039,-5.234363,-9.262776,-12.987161,-17.504242,-23.109037,-28.947021,-30.157234,-31.003178,-32.418201,-33.807541,-33.723152,-33.970177,-35.230179,-36.789379,"- -"
Alternative Transportation,"Electricity: Total Electricity Generation by Fuel: Other": Alternative Transportation,AEO.2025.ALTTRNP.GEN_NA_ELEP_TGE_OTH_NA_USA_BLNKWH.A,"BkWh",10.210531,8.336107,8.378721,7.383929,7.203274,6.737084,5.606709,5.611979,4.611878,3.602427,2.479526,1.824772,0.369412,-1.749356,-3.929807,-6.705285,-10.024623,-13.096084,-14.716187,-16.725367,-18.964041,-21.272623,-23.534185,-25.668753,-28.976954,-32.32238,-33.33828,"- -"
Total Net Electricity Generation,"Electricity: Total Electricity Generation",,"BkWh",,,,,,,,,,,,,,,,,,,,,,,,,,,,
Reference case,"Electricity: Total Electricity Generation": Reference case,AEO.2025.REF2025.GEN_NA_ELEP_NA_TEG_NA_USA_BLNKWH.A,"BkWh",4418.961426,4471.666016,4502.165039,4548.70166,4592.706543,4650.643555,4709.928711,4779.845703,4865.303711,4960.595215,5071.135742,5187.108398,5309.686035,5426.668457,5538.242188,5651.643066,5756.754395,5852.626953,5949.745117,6047.177246,6131.578125,6211.972168,6292.861816,6376.210938,6464.267578,6552.349609,6646.170898,"1.6%"
High Oil Price,"Electricity: Total Electricity Generation": High Oil Price,AEO.2025.HIGHPRICE.GEN_NA_ELEP_NA_TEG_NA_USA_BLNKWH.A,"BkWh",4420.166992,4445.413574,4476.443359,4549.429199,4618.567383,4685.111328,4747.200684,4818.515625,4903.699219,5004.165039,5113.426758,5223.456055,5335.467285,5438.124512,5539.651367,5645.194824,5754.34375,5849.934082,5943.027344,6037.981445,6129.971191,6215.242188,6306.277344,6396.978516,6473.322754,6552.080078,6624.979492,"1.6%"
Low Oil Price,"Electricity: Total Electricity Generation": Low Oil Price,AEO.2025.LOWPRICE.GEN_NA_ELEP_NA_TEG_NA_USA_BLNKWH.A,"BkWh",4418.419922,4434.163086,4455.912109,4497.932617,4533.251465,4593.716309,4660.641113,4738.012207,4825.921387,4925.496094,5044.432129,5173.438477,5302.052246,5415.211914,5537.384766,5658.246582,5766.33252,5875.402832,5979.815918,6088.59668,6187.913574,6268.407227,6351.120117,6443.239746,6532.994629,6632.59082,6718.443848,"1.6%"
Alternative Transportation,"Electricity: Total Electricity Generation": Alternative Transportation,AEO.2025.ALTTRNP.GEN_NA_ELEP_NA_TEG_NA_USA_BLNKWH.A,"BkWh",4418.946289,4447.783691,4478.355957,4521.866699,4561.864746,4609.526855,4650.005859,4694.599609,4747.102539,4807.481934,4879.983398,4976.5,5066.279297,5148.501465,5227.729004,5305.824219,5385.73291,5461.263184,5535.681152,5613.578613,5681.597656,5752.46875,5822.427246,5907.692383,5992.160645,6080.180176,6169.650879,"1.3%"
Net Generation to the Grid,"Electricity: Total Net Generation to the Grid",,"BkWh",,,,,,,,,,,,,,,,,,,,,,,,,,,,
Reference case,"Electricity: Total Net Generation to the Grid": Reference case,AEO.2025.REF2025.GEN_NA_ELEP_NA_TGG_NA_USA_BLNKWH.A,"BkWh",4193.020996,4232.703613,4241.666992,4279.571289,4314.421875,4362.319336,4410.191406,4467.328125,4546.314941,4628.916992,4728.505371,4835.721191,4949.791016,5057.785645,5161.01123,5266.467773,5362.57666,5448.943848,5536.294434,5623.095703,5696.550781,5766.064453,5835.644531,5907.743652,5984.416504,6061.552246,6144.65625,"1.5%"
High Oil Price,"Electricity: Total Net Generation to the Grid": High Oil Price,AEO.2025.HIGHPRICE.GEN_NA_ELEP_NA_TGG_NA_USA_BLNKWH.A,"BkWh",4194.217773,4207.106445,4216.12207,4279.776855,4340.458008,4397.928711,4449.215332,4508.580566,4586.591309,4675.291016,4775.293945,4877.506836,4981.300293,5075.169434,5167.617188,5265.009277,5366.056152,5451.974609,5535.231934,5620.12207,5702.19873,5776.801758,5856.891113,5936.499023,6001.597168,6068.958496,6130.334473,"1.5%"
Low Oil Price,"Electricity: Total Net Generation to the Grid": Low Oil Price,AEO.2025.LOWPRICE.GEN_NA_ELEP_NA_TGG_NA_USA_BLNKWH.A,"BkWh",4192.487305,4196.193848,4196.387695,4229.930176,4255.039062,4304.763184,4358.841797,4421.768066,4502.430664,4589.614746,4697.510254,4817.604492,4937.04248,5040.961426,5154.321777,5266.64209,5367.231934,5469.243652,5566.350586,5665.483887,5754.870117,5825.374023,5899.088379,5980.800293,6060.892578,6150.733887,6226.49707,"1.5%"
Alternative Transportation,"Electricity: Total Net Generation to the Grid": Alternative Transportation,AEO.2025.ALTTRNP.GEN_NA_ELEP_NA_TGG_NA_USA_BLNKWH.A,"BkWh",4193.002441,4208.863281,4217.963379,4252.788574,4283.748535,4321.167969,4350.032227,4382.070801,4427.710449,4475.431641,4536.867188,4624.95752,4706.298828,4779.17627,4849.563965,4919.208008,4989.694824,5054.932617,5119.116211,5186.744141,5244.166504,5304.33252,5363.544922,5437.757812,5511.571777,5588.848145,5667.998535,"1.2%"
Net Imports,"Electricity: Net Imports",,"BkWh",,,,,,,,,,,,,,,,,,,,,,,,,,,,
Reference case,"Electricity: Net Imports": Reference case,AEO.2025.REF2025.TRAD_NA_ELEP_NA_NETIMP_NA_USA_BLNKWH.A,"BkWh",29.408325,34.698326,41.748951,59.506916,70.849594,76.820206,84.06649,85.989426,87.503555,89.058189,88.477135,89.741768,86.964973,84.490379,84.05497,82.528931,84.065552,87.282516,83.908615,76.452461,76.156158,75.615631,68.971512,67.024529,64.057304,62.255505,59.322628,"2.7%"
High Oil Price,"Electricity: Net Imports": High Oil Price,AEO.2025.HIGHPRICE.TRAD_NA_ELEP_NA_NETIMP_NA_USA_BLNKWH.A,"BkWh",29.408426,34.708481,41.748951,59.164379,70.855347,76.14608,84.111992,85.423538,87.584999,89.128273,90.54924,91.889336,90.315834,88.727188,88.153648,85.421906,83.778236,87.250412,87.278893,80.642593,79.517006,78.873779,70.437805,65.547859,63.515606,60.751831,59.298759,"2.7%"
Low Oil Price,"Electricity: Net Imports": Low Oil Price,AEO.2025.LOWPRICE.TRAD_NA_ELEP_NA_NETIMP_NA_USA_BLNKWH.A,"BkWh",29.408272,34.69495,41.748833,59.506916,71.331741,77.075333,85.283379,86.475845,89.474541,89.488846,90.341026,90.120033,89.51091,88.763428,78.934914,73.7854,74.155487,72.330811,68.944565,54.155651,48.574543,49.555988,48.512352,47.709145,49.11623,48.97102,48.907314,"2.0%"
Alternative Transportation,"Electricity: Net Imports": Alternative Transportation,AEO.2025.ALTTRNP.TRAD_NA_ELEP_NA_NETIMP_NA_USA_BLNKWH.A,"BkWh",29.408321,34.694199,41.748951,59.503075,70.849594,76.820206,84.069572,86.044235,87.468712,88.155533,88.068398,86.429489,80.74482,77.810585,76.999565,75.153198,76.695251,76.922432,76.887474,70.340271,71.094467,69.444481,66.167282,59.631161,54.893902,51.393269,51.767784,"2.2%"
Electricity Sales by Sector,,,,,,,,,,,,,,,,,,,,,,,,,,,,,,,
Residential,"Electricity: Electricity Sales by Sector: Residential",,"BkWh",,,,,,,,,,,,,,,,,,,,,,,,,,,,
Reference case,"Electricity: Electricity Sales by Sector: Residential": Reference case,AEO.2025.REF2025.CNSM_NA_RESD_NA_ELS_NA_USA_BLNKWH.A,"BkWh",1506.955688,1488.925171,1510.222778,1537.088135,1559.954102,1576.082275,1590.142212,1601.904663,1618.259521,1636.778198,1658.191284,1684.041382,1713.586426,1745.401733,1777.380981,1809.894287,1840.112549,1867.843018,1893.190918,1916.505249,1937.640259,1957.472778,1975.564941,1993.245117,2010.86084,2029.446899,2049.193604,"1.2%"
High Oil Price,"Electricity: Electricity Sales by Sector: Residential": High Oil Price,AEO.2025.HIGHPRICE.CNSM_NA_RESD_NA_ELS_NA_USA_BLNKWH.A,"BkWh",1507.671753,1488.091187,1509.592651,1540.485718,1568.912598,1589.374756,1606.296021,1620.212646,1636.467041,1655.472046,1677.4823,1703.129883,1729.549194,1755.199585,1781.002075,1809.247803,1837.760254,1863.983032,1887.447144,1910.07373,1932.121094,1952.272095,1970.609009,1986.654175,2001.757935,2015.684937,2029.526733,"1.1%"
Low Oil Price,"Electricity: Electricity Sales by Sector: Residential": Low Oil Price,AEO.2025.LOWPRICE.CNSM_NA_RESD_NA_ELS_NA_USA_BLNKWH.A,"BkWh",1506.687134,1490.119873,1512.458252,1537.181519,1555.890259,1569.720093,1582.401367,1593.605103,1609.324463,1628.833984,1653.023804,1681.700195,1712.452148,1744.00647,1775.782593,1808.791382,1840.424194,1871.454834,1901.565674,1930.137207,1956.88623,1982.362061,2006.449463,2029.286011,2051.058105,2072.358154,2092.892822,"1.3%"
Alternative Transportation,"Electricity: Electricity Sales by Sector: Residential": Alternative Transportation,AEO.2025.ALTTRNP.CNSM_NA_RESD_NA_ELS_NA_USA_BLNKWH.A,"BkWh",1506.950317,1489.14209,1509.812012,1533.584961,1551.730591,1559.992676,1562.541016,1560.864868,1561.07373,1562.438232,1566.251343,1575.0979,1587.314209,1600.825684,1614.973267,1630.7229,1645.658691,1659.345093,1672.307617,1685.21228,1697.828125,1710.400879,1722.913696,1735.928833,1749.862549,1764.783813,1781.222412,"0.6%"
Commercial,"Electricity: Electricity Sales by Sector: Commercial",,"BkWh",,,,,,,,,,,,,,,,,,,,,,,,,,,,
Reference case,"Electricity: Electricity Sales by Sector: Commercial": Reference case,AEO.2025.REF2025.CNSM_NA_COMM_NA_ELS_NA_USA_BLNKWH.A,"BkWh",1397.450195,1421.413208,1413.832397,1432.784058,1449.998413,1478.599487,1502.895508,1529.572144,1564.14209,1598.68396,1636.675415,1677.036499,1719.771484,1762.448364,1805.186401,1848.651611,1889.833618,1929.437378,1966.671021,2002.392334,2037.224609,2071.976074,2105.554932,2140.492188,2176.434326,2214.076416,2253.960205,"1.9%"
High Oil Price,"Electricity: Electricity Sales by Sector: Commercial": High Oil Price,AEO.2025.HIGHPRICE.CNSM_NA_COMM_NA_ELS_NA_USA_BLNKWH.A,"BkWh",1397.696533,1421.866333,1414.555908,1434.469604,1453.994019,1485.689941,1512.081421,1540.441406,1574.314941,1612.050537,1653.714111,1696.740845,1739.286011,1779.655273,1819.174927,1860.954468,1903.219604,1942.828247,1980.128296,2016.447021,2053.199707,2088.454346,2122.562988,2156.21875,2190.286865,2223.809326,2258.776611,"1.9%"
Low Oil Price,"Electricity: Electricity Sales by Sector: Commercial": Low Oil Price,AEO.2025.LOWPRICE.CNSM_NA_COMM_NA_ELS_NA_USA_BLNKWH.A,"BkWh",1397.353149,1421.249878,1413.510986,1431.055786,1444.94519,1471.774414,1494.212524,1518.983154,1552.268066,1587.741577,1627.067627,1668.082397,1709.936768,1751.432861,1793.305054,1836.385254,1880.058716,1924.40686,1968.085815,2008.542114,2048.178711,2087.114502,2126.646484,2165.806396,2205.438232,2245.240967,2284.929688,"1.9%"
Alternative Transportation,"Electricity: Electricity Sales by Sector: Commercial": Alternative Transportation,AEO.2025.ALTTRNP.CNSM_NA_COMM_NA_ELS_NA_USA_BLNKWH.A,"BkWh",1397.444336,1421.135498,1412.738892,1429.379883,1443.730347,1467.436157,1483.683105,1499.289185,1517.2146,1534.167603,1554.516846,1578.84729,1605.907715,1632.705933,1660.611816,1690.497437,1719.489624,1748.131592,1776.747559,1806.194702,1836.424561,1867.699097,1899.678223,1933.01123,1968.838623,2006.062012,2045.994873,"1.5%"
Industrial,"Electricity: Electricity Sales by Sector: Industrial",,"BkWh",,,,,,,,,,,,,,,,,,,,,,,,,,,,
Reference case,"Electricity: Electricity Sales by Sector: Industrial": Reference case,AEO.2025.REF2025.CNSM_NA_IDAL_NA_ELS_NA_USA_BLNKWH.A,"BkWh",1026.434692,1062.69812,1071.373901,1075.616089,1078.101929,1084.501709,1096.703979,1111.323608,1134.611328,1158.94751,1190.868408,1224.279297,1255.33374,1279.03418,1299.916504,1319.982056,1339.302856,1356.497192,1372.67688,1387.32666,1398.469604,1406.162354,1413.615112,1425.158081,1439.21167,1453.044189,1467.652344,"1.4%"
High Oil Price,"Electricity: Electricity Sales by Sector: Industrial": High Oil Price,AEO.2025.HIGHPRICE.CNSM_NA_IDAL_NA_ELS_NA_USA_BLNKWH.A,"BkWh",1026.434692,1039.082397,1046.719849,1070.66394,1089.60022,1095.918213,1107.875366,1121.550171,1142.643433,1169.259766,1200.157349,1228.082642,1258.234985,1277.980591,1293.728149,1310.791626,1335.69751,1353.880615,1369.464478,1381.458618,1397.469849,1412.452881,1429.534912,1442.353027,1454.526001,1463.131836,1471.681519,"1.4%"
Low Oil Price,"Electricity: Electricity Sales by Sector: Industrial": Low Oil Price,AEO.2025.LOWPRICE.CNSM_NA_IDAL_NA_ELS_NA_USA_BLNKWH.A,"BkWh",1026.434692,1027.338745,1027.028931,1033.006104,1035.04126,1046.847168,1068.905762,1091.675415,1119.134155,1149.114746,1188.496948,1231.271484,1274.801147,1296.715698,1319.02832,1342.077637,1361.043091,1376.827637,1389.66394,1397.480957,1402.136353,1404.669067,1402.832886,1415.718262,1432.076782,1447.592651,1462.556763,"1.4%"
Alternative Transportation,"Electricity: Electricity Sales by Sector: Industrial": Alternative Transportation,AEO.2025.ALTTRNP.CNSM_NA_IDAL_NA_ELS_NA_USA_BLNKWH.A,"BkWh",1026.434692,1040.312866,1050.236694,1058.765137,1063.438843,1072.057129,1086.300171,1102.474609,1126.582764,1152.902222,1184.762695,1230.105957,1261.645752,1285.538696,1308.741577,1325.263062,1344.268555,1366.478882,1382.832886,1395.789307,1406.995239,1419.010498,1426.874023,1440.008423,1457.258057,1476.839844,1490.245605,"1.4%"
Transportation,"Electricity: Electricity Sales by Sector: Transportation",,"BkWh",,,,,,,,,,,,,,,,,,,,,,,,,,,,
Reference case,"Electricity: Electricity Sales by Sector: Transportation": Reference case,AEO.2025.REF2025.CNSM_NA_TRN_NA_ELS_NA_USA_BLNKWH.A,"BkWh",6.765306,7.156234,7.388729,7.537629,7.668693,7.809006,7.922668,7.997624,8.066344,8.11828,8.161801,8.195561,8.255899,8.32549,8.389796,8.452338,8.519015,8.559273,8.613116,8.653917,8.66958,8.716084,8.746647,8.796265,8.844749,8.899871,8.96755,"1.1%"
High Oil Price,"Electricity: Electricity Sales by Sector: Transportation": High Oil Price,AEO.2025.HIGHPRICE.CNSM_NA_TRN_NA_ELS_NA_USA_BLNKWH.A,"BkWh",6.901781,7.261584,7.461923,7.646778,7.857238,8.016133,8.115609,8.165988,8.258852,8.381679,8.468926,8.524935,8.571856,8.611154,8.675125,8.738396,8.814303,8.870151,8.939087,9.00313,9.062404,9.116275,9.085039,9.11978,9.161727,9.184559,9.216922,"1.1%"
Low Oil Price,"Electricity: Electricity Sales by Sector: Transportation": Low Oil Price,AEO.2025.LOWPRICE.CNSM_NA_TRN_NA_ELS_NA_USA_BLNKWH.A,"BkWh",6.698264,7.104327,7.314783,7.457162,7.57528,7.696703,7.822984,7.933254,8.018687,8.077596,8.120589,8.162601,8.203378,8.252189,8.3012,8.343097,8.396308,8.445532,8.498024,8.544888,8.58895,8.631845,8.673516,8.717159,8.762118,8.810566,8.859164,"1.1%"
Alternative Transportation,"Electricity: Electricity Sales by Sector: Transportation": Alternative Transportation,AEO.2025.ALTTRNP.CNSM_NA_TRN_NA_ELS_NA_USA_BLNKWH.A,"BkWh",6.765017,7.15627,7.389424,7.538243,7.668301,7.810588,7.920325,7.991961,8.058084,8.109197,8.151239,8.221184,8.305988,8.394504,8.485353,8.565262,8.638147,8.701255,8.759516,8.815164,8.858559,8.904888,8.93821,8.977462,9.027942,9.078857,9.149876,"1.2%"
Total,"Electricity: Electricity Sales by Sector: Total",,"BkWh",,,,,,,,,,,,,,,,,,,,,,,,,,,,
Reference case,"Electricity: Electricity Sales by Sector: Total": Reference case,AEO.2025.REF2025.CNSM_NA_ELEP_NA_ELS_NA_USA_BLNKWH.A,"BkWh",3937.605957,3980.192627,4002.817627,4053.025879,4095.723145,4146.992676,4197.664551,4250.797852,4325.079102,4402.527832,4493.896973,4593.552734,4696.947266,4795.209473,4890.873535,4986.980957,5077.768066,5162.336914,5241.151367,5314.87793,5382.004395,5444.32666,5503.481445,5567.691406,5635.352051,5705.466797,5779.773926,"1.5%"
High Oil Price,"Electricity: Electricity Sales by Sector: Total": High Oil Price,AEO.2025.HIGHPRICE.CNSM_NA_ELEP_NA_ELS_NA_USA_BLNKWH.A,"BkWh",3938.704834,3956.301514,3978.330566,4053.265869,4120.36377,4178.999023,4234.368652,4290.370117,4361.684082,4445.164551,4539.822266,4636.478516,4735.64209,4821.445801,4902.580078,4989.732422,5085.491699,5169.562012,5245.979492,5316.98291,5391.853027,5462.29541,5531.791504,5594.345215,5655.732422,5711.810547,5769.20166,"1.5%"
Low Oil Price,"Electricity: Electricity Sales by Sector: Total": Low Oil Price,AEO.2025.LOWPRICE.CNSM_NA_ELEP_NA_ELS_NA_USA_BLNKWH.A,"BkWh",3937.173584,3945.812988,3960.312744,4008.700439,4043.45166,4096.038086,4153.342773,4212.196777,4288.745117,4373.767578,4476.708984,4589.216309,4705.393555,4800.406738,4896.416992,4995.597656,5089.922363,5181.135254,5267.813477,5344.705078,5415.790039,5482.777344,5544.602539,5619.527832,5697.335449,5774.002441,5849.23877,"1.5%"
Alternative Transportation,"Electricity: Electricity Sales by Sector: Total": Alternative Transportation,AEO.2025.ALTTRNP.CNSM_NA_ELEP_NA_ELS_NA_USA_BLNKWH.A,"BkWh",3937.594482,3957.746826,3980.17749,4029.268311,4066.568115,4107.296387,4140.444824,4170.621094,4212.929199,4257.617188,4313.682129,4392.272461,4463.173828,4527.464844,4592.812012,4655.04834,4718.055176,4782.656738,4840.647461,4896.011719,4950.105957,5006.015137,5058.403809,5117.925781,5184.987305,5256.765137,5326.612793,"1.2%"
Direct Use,"Electricity: Direct Use",,"BkWh",,,,,,,,,,,,,,,,,,,,,,,,,,,,
Reference case,"Electricity: Direct Use": Reference case,AEO.2025.REF2025.CNSM_NA_ELEP_NA_DRU_NA_USA_BLNKWH.A,"BkWh",225.940292,238.96283,260.498413,269.130798,278.284943,288.323914,299.737091,312.517456,318.988586,331.678345,342.630402,351.387299,359.894867,368.882812,377.23111,385.175079,394.177521,403.683044,413.450531,424.08197,435.02713,445.907654,457.217377,468.467621,479.850952,490.797424,501.514679,"3.1%"
High Oil Price,"Electricity: Direct Use": High Oil Price,AEO.2025.HIGHPRICE.CNSM_NA_ELEP_NA_DRU_NA_USA_BLNKWH.A,"BkWh",225.949478,238.307144,260.321106,269.652374,278.109589,287.182037,297.985138,309.934906,317.108002,328.874023,338.132721,345.949371,354.167175,362.955322,372.034668,380.185791,388.287689,397.959869,407.795593,417.859344,427.772278,438.44046,449.386536,460.47934,471.725616,483.121643,494.645081,"3.1%"
Low Oil Price,"Electricity: Direct Use": Low Oil Price,AEO.2025.LOWPRICE.CNSM_NA_ELEP_NA_DRU_NA_USA_BLNKWH.A,"BkWh",225.932953,237.969589,259.52417,268.002289,278.212158,288.952728,301.799133,316.243683,323.490631,335.881256,346.921814,355.833984,365.009888,374.250519,383.062866,391.604858,399.100403,406.159454,413.465302,423.112915,433.043732,443.033203,452.031677,462.439514,472.102112,481.857147,491.94696,"3.0%"
Alternative Transportation,"Electricity: Direct Use": Alternative Transportation,AEO.2025.ALTTRNP.CNSM_NA_ELEP_NA_DRU_NA_USA_BLNKWH.A,"BkWh",225.944107,238.920456,260.392456,269.077881,278.116119,288.35907,299.973358,312.528717,319.392242,332.050079,343.115997,351.542542,359.980621,369.325073,378.165283,386.615997,396.037964,406.330658,416.565155,426.834412,437.430878,448.136322,458.882507,469.934692,480.588867,491.332031,501.652161,"3.1%"
Total Electricity Use,"Electricity: Total Electricity Use",,"BkWh",,,,,,,,,,,,,,,,,,,,,,,,,,,,
Reference case,"Electricity: Total Electricity Use": Reference case,AEO.2025.REF2025.CNSM_NA_ELEP_NA_TEL_NA_USA_BLNKWH.A,"BkWh",4163.546387,4219.155273,4263.315918,4322.156738,4374.008301,4435.316406,4497.401855,4563.31543,4644.067871,4734.206055,4836.527344,4944.939941,5056.842285,5164.092285,5268.104492,5372.15625,5471.945801,5566.02002,5654.602051,5738.959961,5817.031738,5890.234375,5960.69873,6036.15918,6115.203125,6196.26416,6281.288574,"1.6%"
High Oil Price,"Electricity: Total Electricity Use": High Oil Price,AEO.2025.HIGHPRICE.CNSM_NA_ELEP_NA_TEL_NA_USA_BLNKWH.A,"BkWh",4164.654297,4194.608887,4238.651855,4322.918457,4398.473145,4466.181152,4532.354004,4600.305176,4678.791992,4774.038574,4877.955078,4982.427734,5089.809082,5184.401367,5274.614746,5369.917969,5473.779297,5567.521973,5653.774902,5734.842285,5819.625488,5900.73584,5981.178223,6054.824707,6127.458008,6194.932129,6263.84668,"1.6%"
Low Oil Price,"Electricity: Total Electricity Use": Low Oil Price,AEO.2025.LOWPRICE.CNSM_NA_ELEP_NA_TEL_NA_USA_BLNKWH.A,"BkWh",4163.106445,4183.782715,4219.836914,4276.702637,4321.664062,4384.990723,4455.14209,4528.44043,4612.23584,4709.648926,4823.630859,4945.050293,5070.40332,5174.657227,5279.47998,5387.202637,5489.022949,5587.294922,5681.278809,5767.817871,5848.833984,5925.810547,5996.634277,6081.967285,6169.4375,6255.859375,6341.185547,"1.6%"
Alternative Transportation,"Electricity: Total Electricity Use": Alternative Transportation,AEO.2025.ALTTRNP.CNSM_NA_ELEP_NA_TEL_NA_USA_BLNKWH.A,"BkWh",4163.538574,4196.66748,4240.569824,4298.346191,4344.684082,4395.655273,4440.417969,4483.149902,4532.321289,4589.66748,4656.79834,4743.814941,4823.154297,4896.790039,4970.977539,5041.664551,5114.093262,5188.987305,5257.212402,5322.846191,5387.536621,5454.151367,5517.286133,5587.860352,5665.576172,5748.097168,5828.265137,"1.3%"
End-Use Prices,,,,,,,,,,,,,,,,,,,,,,,,,,,,,,,
(2024 cents per kilowatthour),,,,,,,,,,,,,,,,,,,,,,,,,,,,,,,
Residential,"Electricity: End-Use Prices: Residential",,"2024 cents/kWh",,,,,,,,,,,,,,,,,,,,,,,,,,,,
Reference case,"Electricity: End-Use Prices: Residential": Reference case,AEO.2025.REF2025.PRCE_NA_RESD_NA_EDU_NA_USA_Y13CNTPKWH.A,"2024 cents/kWh",15.541872,15.398527,14.541763,13.795866,13.716734,13.840751,13.956758,14.155289,14.26612,14.538455,14.602158,14.585411,14.466953,14.367732,14.275034,14.150711,14.122611,14.173757,14.253471,14.333416,14.424059,14.552891,14.705845,14.802606,14.872655,14.930844,14.926915,"-0.2%"
High Oil Price,"Electricity: End-Use Prices: Residential": High Oil Price,AEO.2025.HIGHPRICE.PRCE_NA_RESD_NA_EDU_NA_USA_Y13CNTPKWH.A,"2024 cents/kWh",15.538845,15.385943,14.567051,13.805938,13.640249,13.667814,13.750414,13.920037,14.073318,14.252598,14.215679,14.166191,14.115347,14.098988,14.111334,14.031926,14.010071,14.031566,14.043583,14.087473,14.16672,14.282616,14.397605,14.517681,14.649751,14.786277,14.879855,"-0.2%"
Low Oil Price,"Electricity: End-Use Prices: Residential": Low Oil Price,AEO.2025.LOWPRICE.PRCE_NA_RESD_NA_EDU_NA_USA_Y13CNTPKWH.A,"2024 cents/kWh",15.540592,15.345852,14.533968,13.885612,13.925513,14.080105,14.274734,14.592098,14.715635,14.928213,14.96133,14.905608,14.859102,14.831463,14.754371,14.594182,14.487543,14.433084,14.387202,14.37681,14.356595,14.354848,14.381783,14.439845,14.477965,14.524822,14.591957,"-0.2%"
Alternative Transportation,"Electricity: End-Use Prices: Residential": Alternative Transportation,AEO.2025.ALTTRNP.PRCE_NA_RESD_NA_EDU_NA_USA_Y13CNTPKWH.A,"2024 cents/kWh",15.542161,15.351833,14.524717,13.799166,13.716346,13.850577,13.993088,14.201582,14.346253,14.584478,14.672167,14.632545,14.629629,14.619596,14.613567,14.577788,14.600301,14.697829,14.834833,14.981537,15.089783,15.216162,15.328484,15.428564,15.470305,15.496171,15.514624,"-0.0%"
Commercial,"Electricity: End-Use Prices: Commercial",,"2024 cents/kWh",,,,,,,,,,,,,,,,,,,,,,,,,,,,
Reference case,"Electricity: End-Use Prices: Commercial": Reference case,AEO.2025.REF2025.PRCE_NA_COMM_NA_EDU_NA_USA_Y13CNTPKWH.A,"2024 cents/kWh",13.153267,12.844644,11.998507,11.282769,11.25065,11.364283,11.477502,11.676985,11.760651,12.01,12.033401,12.000454,11.87235,11.783934,11.697361,11.571305,11.539688,11.586838,11.65775,11.722068,11.792768,11.89142,12.011086,12.067109,12.092301,12.107331,12.073008,"-0.3%"
High Oil Price,"Electricity: End-Use Prices: Commercial": High Oil Price,AEO.2025.HIGHPRICE.PRCE_NA_COMM_NA_EDU_NA_USA_Y13CNTPKWH.A,"2024 cents/kWh",13.151399,12.841256,12.017322,11.301242,11.194594,11.211849,11.303465,11.479584,11.61048,11.761847,11.694001,11.630894,11.559996,11.528649,11.540261,11.442945,11.407421,11.414863,11.414791,11.443566,11.498603,11.586605,11.664627,11.742497,11.828827,11.912313,11.953996,"-0.4%"
Low Oil Price,"Electricity: End-Use Prices: Commercial": Low Oil Price,AEO.2025.LOWPRICE.PRCE_NA_COMM_NA_EDU_NA_USA_Y13CNTPKWH.A,"2024 cents/kWh",13.151289,12.819335,12.016904,11.395003,11.473684,11.60176,11.788749,12.118475,12.204391,12.383244,12.392622,12.337074,12.286925,12.264265,12.199594,12.046089,11.927426,11.858127,11.782174,11.748738,11.716452,11.706176,11.715313,11.73951,11.741494,11.753537,11.785896,"-0.4%"
Alternative Transportation,"Electricity: End-Use Prices: Commercial": Alternative Transportation,AEO.2025.ALTTRNP.PRCE_NA_COMM_NA_EDU_NA_USA_Y13CNTPKWH.A,"2024 cents/kWh",13.152844,12.813138,11.986072,11.292414,11.246468,11.352515,11.48008,11.654642,11.749547,11.947146,11.983068,11.88746,11.854059,11.815927,11.787571,11.714474,11.707693,11.767217,11.854045,11.95894,12.014567,12.095768,12.158981,12.198777,12.175379,12.152386,12.10924,"-0.3%"
Industrial,"Electricity: End-Use Prices: Industrial",,"2024 cents/kWh",,,,,,,,,,,,,,,,,,,,,,,,,,,,
Reference case,"Electricity: End-Use Prices: Industrial": Reference case,AEO.2025.REF2025.PRCE_NA_IDAL_NA_EDU_NA_USA_Y13CNTPKWH.A,"2024 cents/kWh",9.037814,8.88211,8.064058,7.568213,7.51285,7.62854,7.741991,7.921543,8.065036,8.28823,8.308266,8.273836,8.144746,8.031812,7.9612,7.889549,7.882933,7.923959,7.978626,8.025128,8.07688,8.1754,8.284039,8.328704,8.358084,8.380806,8.343102,"-0.3%"
High Oil Price,"Electricity: End-Use Prices: Industrial": High Oil Price,AEO.2025.HIGHPRICE.PRCE_NA_IDAL_NA_EDU_NA_USA_Y13CNTPKWH.A,"2024 cents/kWh",9.04143,8.838715,8.043115,7.549691,7.474033,7.491822,7.589504,7.76643,7.957029,8.109379,8.057452,8.011536,7.941117,7.891499,7.874974,7.841321,7.838234,7.846062,7.814455,7.825659,7.87677,7.931935,7.991915,8.067406,8.147507,8.212383,8.239339,"-0.4%"
Low Oil Price,"Electricity: End-Use Prices: Industrial": Low Oil Price,AEO.2025.LOWPRICE.PRCE_NA_IDAL_NA_EDU_NA_USA_Y13CNTPKWH.A,"2024 cents/kWh",9.041137,8.832578,8.062687,7.656216,7.688948,7.824316,8.014686,8.28823,8.443883,8.607397,8.608352,8.529768,8.441167,8.41291,8.34891,8.265095,8.212376,8.180317,8.129112,8.098231,8.086625,8.094164,8.116549,8.138745,8.147259,8.175039,8.210292,"-0.4%"
Alternative Transportation,"Electricity: End-Use Prices: Industrial": Alternative Transportation,AEO.2025.ALTTRNP.PRCE_NA_IDAL_NA_EDU_NA_USA_Y13CNTPKWH.A,"2024 cents/kWh",9.04345,8.835217,8.025414,7.550257,7.492844,7.587747,7.694542,7.85808,7.983587,8.157263,8.175641,8.082929,8.008919,7.970175,7.945544,7.921298,7.930569,7.989047,8.094378,8.170065,8.228993,8.299377,8.367988,8.418015,8.432635,8.426392,8.412185,"-0.3%"
Transportation,"Electricity: End-Use Prices: Transportation",,"2024 cents/kWh",,,,,,,,,,,,,,,,,,,,,,,,,,,,
Reference case,"Electricity: End-Use Prices: Transportation": Reference case,AEO.2025.REF2025.PRCE_NA_TRN_NA_EDU_NA_USA_Y13CNTPKWH.A,"2024 cents/kWh",14.53291,14.452888,13.570237,12.451097,12.474382,12.540288,12.650441,12.890011,12.991129,13.322083,13.355947,13.336874,13.206001,13.214647,13.113029,12.941321,12.872182,12.927032,13.026793,13.086214,13.131474,13.19116,13.281726,13.3168,13.357652,13.40938,13.413747,"-0.3%"
High Oil Price,"Electricity: End-Use Prices: Transportation": High Oil Price,AEO.2025.HIGHPRICE.PRCE_NA_TRN_NA_EDU_NA_USA_Y13CNTPKWH.A,"2024 cents/kWh",14.511462,14.402396,13.560651,12.554987,12.462687,12.457129,12.558332,12.757058,12.926532,13.087171,12.956948,12.862295,12.830121,12.830488,12.899835,12.740838,12.66785,12.685349,12.746421,12.829828,12.873135,12.990716,13.073599,13.128871,13.177393,13.257351,13.339735,"-0.3%"
Low Oil Price,"Electricity: End-Use Prices: Transportation": Low Oil Price,AEO.2025.LOWPRICE.PRCE_NA_TRN_NA_EDU_NA_USA_Y13CNTPKWH.A,"2024 cents/kWh",14.545018,14.409736,13.606096,12.609257,12.710801,12.783364,12.993282,13.415796,13.51449,13.772329,13.798485,13.834665,13.947043,13.981377,13.815246,13.37382,13.055655,12.896593,12.753134,12.607086,12.507705,12.50962,12.501983,12.582416,12.654837,12.705435,12.812888,"-0.5%"
Alternative Transportation,"Electricity: End-Use Prices: Transportation": Alternative Transportation,AEO.2025.ALTTRNP.PRCE_NA_TRN_NA_EDU_NA_USA_Y13CNTPKWH.A,"2024 cents/kWh",14.535938,14.400529,13.556231,12.51532,12.471271,12.549663,12.672717,12.804557,12.904254,13.132526,13.146626,13.041661,13.042557,13.037896,13.022382,12.914795,12.831327,12.87185,12.960043,13.131983,13.215846,13.284412,13.291723,13.352246,13.319578,13.337103,13.305009,"-0.3%"
All Sectors Average,"Electricity: End-Use Prices: All Sectors Average",,"2024 cents/kWh",,,,,,,,,,,,,,,,,,,,,,,,,,,,
Reference case,"Electricity: End-Use Prices: All Sectors Average": Reference case,AEO.2025.REF2025.PRCE_NA_ELEP_NA_EDU_NA_USA_Y13CNTPKWH.A,"2024 cents/kWh",12.996984,12.744919,11.907881,11.25223,11.208321,11.330735,11.442939,11.631391,11.730902,11.972712,11.996494,11.957287,11.825022,11.726082,11.643523,11.535248,11.51344,11.562575,11.63404,11.70092,11.776703,11.890639,12.02311,12.091479,12.132718,12.164635,12.139797,"-0.3%"
High Oil Price,"Electricity: End-Use Prices: All Sectors Average": High Oil Price,AEO.2025.HIGHPRICE.PRCE_NA_ELEP_NA_EDU_NA_USA_Y13CNTPKWH.A,"2024 cents/kWh",12.99659,12.750031,11.942087,11.264576,11.14437,11.172746,11.262398,11.432967,11.579903,11.731206,11.66676,11.605783,11.53404,11.502612,11.509459,11.437827,11.412694,11.425894,11.423001,11.455706,11.518295,11.607493,11.691411,11.78275,11.882682,11.980921,12.037906,"-0.3%"
Low Oil Price,"Electricity: End-Use Prices: All Sectors Average": Low Oil Price,AEO.2025.LOWPRICE.PRCE_NA_ELEP_NA_EDU_NA_USA_Y13CNTPKWH.A,"2024 cents/kWh",12.996471,12.73833,11.955667,11.388865,11.450633,11.58833,11.76687,12.064082,12.167875,12.341558,12.339003,12.25948,12.184016,12.159538,12.091553,11.955141,11.861577,11.812571,11.760412,11.74469,11.731915,11.739714,11.770952,11.808807,11.824591,11.852478,11.897426,"-0.3%"
Alternative Transportation,"Electricity: End-Use Prices: All Sectors Average": Alternative Transportation,AEO.2025.ALTTRNP.PRCE_NA_ELEP_NA_EDU_NA_USA_Y13CNTPKWH.A,"2024 cents/kWh",12.998412,12.725602,11.906893,11.265481,11.209638,11.32093,11.437547,11.606448,11.70689,11.890991,11.91593,11.808522,11.756454,11.717546,11.688757,11.639846,11.642513,11.706522,11.811798,11.921274,11.995486,12.087895,12.171166,12.232522,12.237454,12.230213,12.215718,"-0.2%"
(nominal cents per kilowatthour),,,,,,,,,,,,,,,,,,,,,,,,,,,,,,,
Residential,"Electricity: End-Use Prices: Residential",,"nom cents/kWh",,,,,,,,,,,,,,,,,,,,,,,,,,,,
Reference case,"Electricity: End-Use Prices: Residential": Reference case,AEO.2025.REF2025.PRCE_NA_RESD_NA_EDU_NA_USA_NCNTPKWH.A,"nom cents/kWh",15.541872,15.714444,15.090714,14.555268,14.745041,15.142278,15.554506,16.100096,16.569027,17.2528,17.71208,18.075323,18.299561,18.552052,18.813162,19.031269,19.393095,19.878962,20.426773,20.998693,21.602135,22.286848,23.030445,23.710581,24.36599,25.01371,25.567389,"1.9%"
High Oil Price,"Electricity: End-Use Prices: Residential": High Oil Price,AEO.2025.HIGHPRICE.PRCE_NA_RESD_NA_EDU_NA_USA_NCNTPKWH.A,"nom cents/kWh",15.538845,15.778358,15.24797,14.760673,14.919589,15.271589,15.73241,16.360888,17.008209,17.724094,18.189495,18.639084,19.080833,19.567043,20.09107,20.471445,20.92165,21.433857,21.940731,22.501532,23.130613,23.837074,24.555677,25.313612,26.121666,26.969795,27.75865,"2.3%"
Low Oil Price,"Electricity: End-Use Prices: Residential": Low Oil Price,AEO.2025.LOWPRICE.PRCE_NA_RESD_NA_EDU_NA_USA_NCNTPKWH.A,"nom cents/kWh",15.540592,15.615842,15.016059,14.552439,14.832282,15.226465,15.687922,16.324472,16.771072,17.348555,17.737812,18.028658,18.324951,18.656078,18.933884,19.102331,19.351442,19.677242,20.023638,20.431341,20.837894,21.286243,21.792183,22.362011,22.921251,23.510584,24.153826,"1.7%"
Alternative Transportation,"Electricity: End-Use Prices: Residential": Alternative Transportation,AEO.2025.ALTTRNP.PRCE_NA_RESD_NA_EDU_NA_USA_NCNTPKWH.A,"nom cents/kWh",15.542161,15.666502,15.073869,14.562151,14.747825,15.15733,15.600489,16.156969,16.659731,17.295336,17.77342,18.096643,18.451294,18.803503,19.164944,19.492031,19.91181,20.453516,21.072905,21.734278,22.364462,23.049547,23.73473,24.423561,25.043238,25.652914,26.269379,"2.0%"
Commercial,"Electricity: End-Use Prices: Commercial",,"nom cents/kWh",,,,,,,,,,,,,,,,,,,,,,,,,,,,
Reference case,"Electricity: End-Use Prices: Commercial": Reference case,AEO.2025.REF2025.PRCE_NA_COMM_NA_EDU_NA_USA_NCNTPKWH.A,"nom cents/kWh",13.153267,13.108165,12.451449,11.903836,12.094082,12.432933,12.791428,13.281295,13.659113,14.25228,14.596237,14.871852,15.017591,15.215772,15.41603,15.56223,15.84624,16.250759,16.706823,17.173023,17.661392,18.210972,18.810253,19.328905,19.810915,20.283466,20.679106,"1.8%"
High Oil Price,"Electricity: End-Use Prices: Commercial": High Oil Price,AEO.2025.HIGHPRICE.PRCE_NA_COMM_NA_EDU_NA_USA_NCNTPKWH.A,"nom cents/kWh",13.151399,13.168769,12.579056,12.082767,12.244553,12.527443,12.932755,13.492505,14.031763,14.626673,14.962913,15.30328,15.626562,15.999841,16.430494,16.694332,17.035038,17.436722,17.833689,18.278494,18.774263,19.337549,19.894476,20.474689,21.091736,21.727758,22.300406,"2.1%"
Low Oil Price,"Electricity: End-Use Prices: Commercial": Low Oil Price,AEO.2025.LOWPRICE.PRCE_NA_COMM_NA_EDU_NA_USA_NCNTPKWH.A,"nom cents/kWh",13.151289,13.044874,12.415504,11.942224,12.2208,12.54634,12.955825,13.55718,13.909063,14.390964,14.69241,14.921959,15.152821,15.426873,15.655409,15.767132,15.931819,16.166693,16.398045,16.696505,17.005856,17.358629,17.751781,18.180183,18.588919,19.024849,19.508999,"1.5%"
Alternative Transportation,"Electricity: End-Use Prices: Commercial": Alternative Transportation,AEO.2025.ALTTRNP.PRCE_NA_COMM_NA_EDU_NA_USA_NCNTPKWH.A,"nom cents/kWh",13.152844,13.07577,12.439242,11.916796,12.09221,12.423584,12.798809,13.259347,13.64428,14.167796,14.515927,14.701689,14.950669,15.197465,15.458796,15.663479,15.966887,16.375273,16.83869,17.349281,17.806705,18.322752,18.827051,19.31078,19.709429,20.117493,20.503378,"1.7%"
Industrial,"Electricity: End-Use Prices: Industrial",,"nom cents/kWh",,,,,,,,,,,,,,,,,,,,,,,,,,,,
Reference case,"Electricity: End-Use Prices: Industrial": Reference case,AEO.2025.REF2025.PRCE_NA_IDAL_NA_EDU_NA_USA_NCNTPKWH.A,"nom cents/kWh",9.037814,9.064336,8.368476,7.98481,8.076069,8.345896,8.628282,9.009891,9.366934,9.835651,10.077734,10.253551,10.302464,10.370918,10.492119,10.610642,10.824801,11.113502,11.434238,11.756947,12.096306,12.520118,12.973421,13.340787,13.693116,14.040402,14.290382,"1.8%"
High Oil Price,"Electricity: End-Use Prices: Industrial": High Oil Price,AEO.2025.HIGHPRICE.PRCE_NA_IDAL_NA_EDU_NA_USA_NCNTPKWH.A,"nom cents/kWh",9.04143,9.064144,8.41908,8.071782,8.175034,8.370909,8.683462,9.128258,9.61641,10.084575,10.309812,10.541131,10.734637,10.952084,11.212028,11.439853,11.705065,11.985217,12.208768,12.499709,12.860742,13.238061,13.630524,14.066653,14.52765,14.979178,15.370643,"2.1%"
Low Oil Price,"Electricity: End-Use Prices: Industrial": Low Oil Price,AEO.2025.LOWPRICE.PRCE_NA_IDAL_NA_EDU_NA_USA_NCNTPKWH.A,"nom cents/kWh",9.041137,8.987975,8.330126,8.023889,8.189618,8.461349,8.808132,9.272209,9.6233,10.002932,10.205866,10.316939,10.410048,10.582361,10.713931,10.818187,10.969515,11.152576,11.313833,11.508654,11.73734,12.002519,12.298707,12.603924,12.898592,13.232516,13.590361,"1.6%"
Alternative Transportation,"Electricity: End-Use Prices: Industrial": Alternative Transportation,AEO.2025.ALTTRNP.PRCE_NA_IDAL_NA_EDU_NA_USA_NCNTPKWH.A,"nom cents/kWh",9.04345,9.016314,8.32884,7.967727,8.056311,8.303623,8.578423,8.940043,9.271021,9.673476,9.903725,9.996476,10.10107,10.251118,10.420174,10.591605,10.815666,11.117567,11.498077,11.852619,12.196135,12.571954,12.95705,13.325797,13.650699,13.949348,14.243521,"1.8%"
Transportation,"Electricity: End-Use Prices: Transportation",,"nom cents/kWh",,,,,,,,,,,,,,,,,,,,,,,,,,,,
Reference case,"Electricity: End-Use Prices: Transportation": Reference case,AEO.2025.REF2025.PRCE_NA_TRN_NA_EDU_NA_USA_NCNTPKWH.A,"nom cents/kWh",14.53291,14.749404,14.082511,13.136476,13.409554,13.719524,14.098643,14.66098,15.088221,15.809329,16.200457,16.528044,16.704556,17.063152,17.281748,17.404762,17.676014,18.130407,18.668812,19.17152,19.666298,20.201443,20.800169,21.330641,21.883949,22.464796,22.975574,"1.8%"
High Oil Price,"Electricity: End-Use Prices: Transportation": High Oil Price,AEO.2025.HIGHPRICE.PRCE_NA_TRN_NA_EDU_NA_USA_NCNTPKWH.A,"nom cents/kWh",14.511462,14.769726,14.194526,13.423214,13.631582,13.918842,14.368501,14.993982,15.622268,16.274805,16.578901,16.923489,17.343493,17.806578,18.366192,18.587854,18.917273,19.377449,19.914135,20.492731,21.01852,21.68095,22.297533,22.892029,23.496336,24.181072,24.885527,"2.1%"
Low Oil Price,"Electricity: End-Use Prices: Transportation": Low Oil Price,AEO.2025.LOWPRICE.PRCE_NA_TRN_NA_EDU_NA_USA_NCNTPKWH.A,"nom cents/kWh",14.545018,14.663256,14.05741,13.214787,13.538473,13.824147,14.279606,15.008519,15.402154,16.005264,16.359169,16.733328,17.200157,17.586779,17.728731,17.504999,17.438826,17.582478,17.749395,17.91633,18.15432,18.550026,18.943792,19.485537,20.034906,20.565636,21.208961,"1.5%"
Alternative Transportation,"Electricity: End-Use Prices: Transportation": Alternative Transportation,AEO.2025.ALTTRNP.PRCE_NA_TRN_NA_EDU_NA_USA_NCNTPKWH.A,"nom cents/kWh",14.535938,14.695699,14.068767,13.207318,13.40912,13.733679,14.128447,14.567591,14.985195,15.573505,15.925426,16.129135,16.449635,16.769144,17.078186,17.268435,17.499294,17.912481,18.409763,19.05106,19.587114,20.12332,20.580996,21.13673,21.561653,22.078714,22.528057,"1.7%"
All Sectors Average,"Electricity: End-Use Prices: All Sectors Average",,"nom cents/kWh",,,,,,,,,,,,,,,,,,,,,,,,,,,,
Reference case,"Electricity: End-Use Prices: All Sectors Average": Reference case,AEO.2025.REF2025.PRCE_NA_ELEP_NA_EDU_NA_USA_NCNTPKWH.A,"nom cents/kWh",12.996984,13.006394,12.357402,11.871615,12.048578,12.396231,12.752908,13.229437,13.624562,14.20803,14.551472,14.818357,14.957726,15.141071,15.345077,15.513737,15.810195,16.21673,16.672844,17.142042,17.637331,18.209776,18.829082,19.367941,19.877131,20.379467,20.793507,"1.8%"
High Oil Price,"Electricity: End-Use Prices: All Sectors Average": High Oil Price,AEO.2025.HIGHPRICE.PRCE_NA_ELEP_NA_EDU_NA_USA_NCNTPKWH.A,"nom cents/kWh",12.99659,13.075218,12.500305,12.043566,12.189617,12.483751,12.885769,13.437715,13.994808,14.588569,14.928057,15.270241,15.591477,15.963705,16.386641,16.686865,17.042912,17.453573,17.846514,18.297884,18.806416,19.37241,19.940159,20.544878,21.187763,21.852896,22.45694,"2.1%"
Low Oil Price,"Electricity: End-Use Prices: All Sectors Average": Low Oil Price,AEO.2025.LOWPRICE.PRCE_NA_ELEP_NA_EDU_NA_USA_NCNTPKWH.A,"nom cents/kWh",12.996471,12.962444,12.352236,11.935789,12.196249,12.531817,12.931781,13.49633,13.867448,14.34252,14.628841,14.828108,15.025908,15.29514,15.516762,15.64809,15.843862,16.104584,16.367758,16.690752,17.028301,17.408361,17.836088,18.287502,18.720476,19.184998,19.693611,"1.6%"
Alternative Transportation,"Electricity: End-Use Prices: All Sectors Average": Alternative Transportation,AEO.2025.ALTTRNP.PRCE_NA_ELEP_NA_EDU_NA_USA_NCNTPKWH.A,"nom cents/kWh",12.998412,12.986441,12.357069,11.888372,12.05261,12.389019,12.75139,13.204517,13.594745,14.101204,14.434598,14.604065,14.827565,15.070929,15.329206,15.563694,15.877996,16.29081,16.778679,17.29464,17.778427,18.310827,18.845919,19.364197,19.809917,20.24633,20.683668,"1.8%"
Prices by Service Category,,,,,,,,,,,,,,,,,,,,,,,,,,,,,,,
(2024 cents per kilowatthour),,,,,,,,,,,,,,,,,,,,,,,,,,,,,,,
Generation,"Electricity: Prices by Service Category: Generation",,"2024 cents/kWh",,,,,,,,,,,,,,,,,,,,,,,,,,,,
Reference case,"Electricity: Prices by Service Category: Generation": Reference case,AEO.2025.REF2025.PRCE_NA_ELEP_NA_GEN_NA_USA_Y13CNTPKWH.A,"2024 cents/kWh",7.847722,7.53271,6.529781,5.769744,5.63698,5.676199,5.709103,5.826866,5.868854,6.054301,6.02892,5.949021,5.780522,5.641585,5.524863,5.382976,5.329099,5.344398,5.385173,5.415707,5.457698,5.529642,5.612585,5.634166,5.642192,5.636722,5.572359,"-1.3%"
High Oil Price,"Electricity: Prices by Service Category: Generation": High Oil Price,AEO.2025.HIGHPRICE.PRCE_NA_ELEP_NA_GEN_NA_USA_Y13CNTPKWH.A,"2024 cents/kWh",7.847467,7.51605,6.519761,5.768691,5.583492,5.532951,5.557905,5.667793,5.761113,5.876792,5.779451,5.684779,5.57897,5.503973,5.46109,5.339548,5.269536,5.241882,5.194723,5.185287,5.209828,5.257187,5.29634,5.337329,5.391894,5.433926,5.436626,"-1.4%"
Low Oil Price,"Electricity: Prices by Service Category: Generation": Low Oil Price,AEO.2025.LOWPRICE.PRCE_NA_ELEP_NA_GEN_NA_USA_Y13CNTPKWH.A,"2024 cents/kWh",7.847672,7.52693,6.566953,5.892694,5.852265,5.903042,6.009672,6.239892,6.288205,6.413112,6.373405,6.267673,6.166396,6.100914,5.9942,5.816988,5.690555,5.606464,5.512031,5.448137,5.395463,5.376688,5.376142,5.393421,5.395005,5.404268,5.425265,"-1.4%"
Alternative Transportation,"Electricity: Prices by Service Category: Generation": Alternative Transportation,AEO.2025.ALTTRNP.PRCE_NA_ELEP_NA_GEN_NA_USA_Y13CNTPKWH.A,"2024 cents/kWh",7.848996,7.513572,6.515319,5.772907,5.626257,5.646531,5.676242,5.758665,5.77386,5.88,5.83999,5.677209,5.572438,5.480319,5.409372,5.31232,5.266916,5.295922,5.365115,5.436323,5.47539,5.528628,5.565083,5.587223,5.562792,5.525433,5.476189,"-1.4%"
Transmission,"Electricity: Prices by Service Category: Transmission",,"2024 cents/kWh",,,,,,,,,,,,,,,,,,,,,,,,,,,,
Reference case,"Electricity: Prices by Service Category: Transmission": Reference case,AEO.2025.REF2025.PRCE_NA_ELEP_NA_TRAN_NA_USA_Y13CNTPKWH.A,"2024 cents/kWh",1.805908,1.830051,1.890469,1.946218,1.992343,2.039004,2.081801,2.122661,2.162268,2.201415,2.235181,2.263153,2.2873,2.315749,2.335914,2.353863,2.368187,2.380723,2.393809,2.409215,2.422794,2.439403,2.460368,2.479072,2.490988,2.505031,2.521071,"1.3%"
High Oil Price,"Electricity: Prices by Service Category: Transmission": High Oil Price,AEO.2025.HIGHPRICE.PRCE_NA_ELEP_NA_TRAN_NA_USA_Y13CNTPKWH.A,"2024 cents/kWh",1.805488,1.840424,1.907139,1.952696,1.988124,2.032998,2.070731,2.106225,2.139923,2.168896,2.192121,2.21679,2.242667,2.273111,2.301702,2.328103,2.351684,2.369387,2.38983,2.406669,2.419277,2.434504,2.45189,2.471652,2.48785,2.509765,2.531631,"1.3%"
Low Oil Price,"Electricity: Prices by Service Category: Transmission": Low Oil Price,AEO.2025.LOWPRICE.PRCE_NA_ELEP_NA_TRAN_NA_USA_Y13CNTPKWH.A,"2024 cents/kWh",1.805729,1.832181,1.890183,1.948456,2.000141,2.050798,2.093511,2.134433,2.172945,2.209199,2.235902,2.256571,2.279476,2.310248,2.336987,2.360344,2.37835,2.397252,2.425314,2.454006,2.473973,2.479987,2.482542,2.482539,2.478477,2.477425,2.481156,"1.2%"
Alternative Transportation,"Electricity: Prices by Service Category: Transmission": Alternative Transportation,AEO.2025.ALTTRNP.PRCE_NA_ELEP_NA_TRAN_NA_USA_Y13CNTPKWH.A,"2024 cents/kWh",1.80572,1.832336,1.894019,1.949727,1.996424,2.04607,2.094478,2.145513,2.194911,2.243785,2.283356,2.315397,2.34728,2.379403,2.403322,2.425744,2.445894,2.461269,2.474653,2.489055,2.502163,2.517654,2.536741,2.55443,2.56479,2.577384,2.591523,"1.4%"
Distribution,"Electricity: Prices by Service Category: Distribution",,"2024 cents/kWh",,,,,,,,,,,,,,,,,,,,,,,,,,,,
Reference case,"Electricity: Prices by Service Category: Distribution": Reference case,AEO.2025.REF2025.PRCE_NA_ELEP_NA_DSE_NA_USA_Y13CNTPKWH.A,"2024 cents/kWh",3.425769,3.420904,3.471189,3.521001,3.565303,3.601549,3.634865,3.663495,3.68695,3.703854,3.717909,3.7299,3.741541,3.752496,3.766237,3.783063,3.800917,3.820905,3.840426,3.861513,3.883137,3.907621,3.936553,3.963551,3.985816,4.007914,4.02915,"0.6%"
High Oil Price,"Electricity: Prices by Service Category: Distribution": High Oil Price,AEO.2025.HIGHPRICE.PRCE_NA_ELEP_NA_DSE_NA_USA_Y13CNTPKWH.A,"2024 cents/kWh",3.425606,3.440431,3.498855,3.530257,3.558324,3.592601,3.621135,3.644316,3.661996,3.67139,3.679515,3.688731,3.700309,3.715559,3.733955,3.755827,3.776809,3.79974,3.824165,3.850766,3.874451,3.901829,3.932175,3.961319,3.99023,4.023768,4.053994,"0.6%"
Low Oil Price,"Electricity: Prices by Service Category: Distribution": Low Oil Price,AEO.2025.LOWPRICE.PRCE_NA_ELEP_NA_DSE_NA_USA_Y13CNTPKWH.A,"2024 cents/kWh",3.425828,3.429959,3.480844,3.532621,3.582169,3.618926,3.647191,3.671712,3.692802,3.70896,3.719259,3.724845,3.731058,3.740705,3.753259,3.769386,3.784205,3.800534,3.815902,3.834381,3.852394,3.87384,3.898666,3.92061,3.939402,3.958954,3.979519,"0.6%"
Alternative Transportation,"Electricity: Prices by Service Category: Distribution": Alternative Transportation,AEO.2025.ALTTRNP.PRCE_NA_ELEP_NA_DSE_NA_USA_Y13CNTPKWH.A,"2024 cents/kWh",3.425774,3.427345,3.480922,3.530259,3.57441,3.613392,3.652175,3.689469,3.723595,3.752876,3.779506,3.801926,3.82201,3.842878,3.865067,3.890935,3.913667,3.937359,3.959676,3.982405,4.004609,4.028429,4.056561,4.080678,4.098169,4.115508,4.1334,"0.7%"
(nominal cents per kilowatthour),,,,,,,,,,,,,,,,,,,,,,,,,,,,,,,
Generation,"Electricity: Prices by Service Category: Generation",,"nom cents/kWh",,,,,,,,,,,,,,,,,,,,,,,,,,,,
Reference case,"Electricity: Prices by Service Category: Generation": Reference case,AEO.2025.REF2025.PRCE_NA_ELEP_NA_GEN_NA_USA_NCNTPKWH.A,"nom cents/kWh",7.847722,7.687251,6.776279,6.087344,6.059569,6.209966,6.362672,6.627424,6.816233,7.184645,7.312941,7.372468,7.311908,7.284585,7.281254,7.239555,7.31789,7.495618,7.717538,7.9341,8.1737,8.468303,8.789724,9.024718,9.243649,9.443227,9.544548,"0.8%"
High Oil Price,"Electricity: Prices by Service Category: Generation": High Oil Price,AEO.2025.HIGHPRICE.PRCE_NA_ELEP_NA_GEN_NA_USA_NCNTPKWH.A,"nom cents/kWh",7.847467,7.707745,6.824518,6.167618,6.107177,6.182185,6.359026,6.661629,6.962552,7.308199,7.395025,7.479715,7.541536,7.638596,7.775249,7.789969,7.869153,8.007214,8.115879,8.282317,8.50631,8.77402,9.033113,9.306382,9.614175,9.911344,10.142129,"1.0%"
Low Oil Price,"Electricity: Prices by Service Category: Generation": Low Oil Price,AEO.2025.LOWPRICE.PRCE_NA_ELEP_NA_GEN_NA_USA_NCNTPKWH.A,"nom cents/kWh",7.847672,7.659356,6.784779,6.175678,6.233339,6.383651,6.604625,6.980691,7.166523,7.452882,7.556164,7.580887,7.604693,7.674168,7.692194,7.613858,7.601043,7.643533,7.671464,7.742521,7.83125,7.97288,8.146269,8.352426,8.541273,8.747611,8.980352,"0.5%"
Alternative Transportation,"Electricity: Prices by Service Category: Generation": Alternative Transportation,AEO.2025.ALTTRNP.PRCE_NA_ELEP_NA_GEN_NA_USA_NCNTPKWH.A,"nom cents/kWh",7.848996,7.667579,6.761651,6.092103,6.049356,6.179261,6.328278,6.551564,6.704953,6.972932,7.074388,7.021228,7.028113,7.048703,7.094114,7.103128,7.182991,7.369811,7.621154,7.886677,8.115038,8.374804,8.617013,8.844625,9.005013,9.146997,9.272289,"0.6%"
Transmission,"Electricity: Prices by Service Category: Transmission",,"nom cents/kWh",,,,,,,,,,,,,,,,,,,,,,,,,,,,
Reference case,"Electricity: Prices by Service Category: Transmission": Reference case,AEO.2025.REF2025.PRCE_NA_ELEP_NA_TRAN_NA_USA_NCNTPKWH.A,"nom cents/kWh",1.805908,1.867596,1.961834,2.053349,2.141704,2.230743,2.320123,2.414295,2.511312,2.612422,2.711223,2.804667,2.893255,2.990165,3.078517,3.165707,3.251982,3.339009,3.430588,3.529541,3.628487,3.735794,3.853119,3.970939,4.081005,4.196691,4.318187,"3.4%"
High Oil Price,"Electricity: Prices by Service Category: Transmission": High Oil Price,AEO.2025.HIGHPRICE.PRCE_NA_ELEP_NA_TRAN_NA_USA_NCNTPKWH.A,"nom cents/kWh",1.805488,1.887364,1.996286,2.087733,2.174593,2.271549,2.369208,2.475547,2.586188,2.697173,2.804901,2.916729,3.031591,3.154698,3.277057,3.396514,3.511839,3.619346,3.733707,3.844107,3.950058,4.063083,4.181794,4.309672,4.436033,4.577748,4.722805,"3.8%"
Low Oil Price,"Electricity: Prices by Service Category: Transmission": Low Oil Price,AEO.2025.LOWPRICE.PRCE_NA_ELEP_NA_TRAN_NA_USA_NCNTPKWH.A,"nom cents/kWh",1.805729,1.864416,1.95288,2.042027,2.130382,2.217768,2.300767,2.387832,2.476455,2.56738,2.650835,2.729371,2.811159,2.905996,2.998993,3.089455,3.176833,3.268276,3.375473,3.487466,3.59085,3.677475,3.761704,3.84454,3.923879,4.010081,4.107017,"3.2%"
Alternative Transportation,"Electricity: Prices by Service Category: Transmission": Alternative Transportation,AEO.2025.ALTTRNP.PRCE_NA_ELEP_NA_TRAN_NA_USA_NCNTPKWH.A,"nom cents/kWh",1.80572,1.869894,1.965629,2.057532,2.146557,2.239109,2.335073,2.440925,2.548862,2.660843,2.765989,2.863543,2.960454,3.060352,3.151834,3.243474,3.335696,3.425105,3.515249,3.610965,3.708438,3.81376,3.927908,4.043687,4.151867,4.266694,4.38797,"3.5%"
Distribution,"Electricity: Prices by Service Category: Distribution",,"nom cents/kWh",,,,,,,,,,,,,,,,,,,,,,,,,,,,
Reference case,"Electricity: Prices by Service Category: Distribution": Reference case,AEO.2025.REF2025.PRCE_NA_ELEP_NA_DSE_NA_USA_NCNTPKWH.A,"nom cents/kWh",3.425769,3.491087,3.602226,3.714816,3.832584,3.940224,4.050978,4.166826,4.282116,4.395367,4.509737,4.622368,4.732756,4.845337,4.963549,5.087836,5.219399,5.358891,5.503748,5.657181,5.815565,5.984279,6.164934,6.348752,6.529994,6.714476,6.90128,"2.7%"
High Oil Price,"Electricity: Prices by Service Category: Distribution": High Oil Price,AEO.2025.HIGHPRICE.PRCE_NA_ELEP_NA_DSE_NA_USA_NCNTPKWH.A,"nom cents/kWh",3.425606,3.528179,3.662405,3.774388,3.892065,4.014155,4.143088,4.28334,4.425679,4.565629,4.708077,4.853426,5.002001,5.156577,5.316234,5.479449,5.64002,5.804276,5.974614,6.150723,6.325982,6.511985,6.706479,6.907116,7.114896,7.339252,7.562803,"3.1%"
Low Oil Price,"Electricity: Prices by Service Category: Distribution": Low Oil Price,AEO.2025.LOWPRICE.PRCE_NA_ELEP_NA_DSE_NA_USA_NCNTPKWH.A,"nom cents/kWh",3.425828,3.490304,3.596303,3.702267,3.815424,3.913568,4.00826,4.107617,4.208602,4.310301,4.409469,4.505281,4.601318,4.705328,4.816455,4.933751,5.054676,5.18143,5.310848,5.449161,5.591562,5.744366,5.907504,6.071583,6.236789,6.408156,6.587232,"2.5%"
Alternative Transportation,"Electricity: Prices by Service Category: Distribution": Alternative Transportation,AEO.2025.ALTTRNP.PRCE_NA_ELEP_NA_DSE_NA_USA_NCNTPKWH.A,"nom cents/kWh",3.425774,3.497596,3.61253,3.725454,3.843208,3.954302,4.071704,4.197464,4.324062,4.450434,4.57838,4.701992,4.820425,4.942651,5.068836,5.202588,5.337437,5.479233,5.624726,5.777425,5.935203,6.102291,6.281207,6.459752,6.634091,6.812958,6.998678,"2.8%"
Electric Power Sector Emissions,,,,,,,,,,,,,,,,,,,,,,,,,,,,,,,
Sulfur Dioxide (million short tons),"Electricity: Electric Power Sector Emissions: Sulfur Dioxide",,"MMst",,,,,,,,,,,,,,,,,,,,,,,,,,,,
Reference case,"Electricity: Electric Power Sector Emissions: Sulfur Dioxide": Reference case,AEO.2025.REF2025.ENV_NA_ELEP_SDO_EMI_SDO_USA_MILLTON.A,"MMst",0.537741,0.513621,0.432913,0.371969,0.359544,0.342369,0.330179,0.303557,0.05803,0.05822,0.055274,0.052277,0.04797,0.043106,0.038403,0.024745,0.025068,0.025598,0.02539,0.02568,0.023091,0.022151,0.020904,0.01968,0.019793,0.019857,0.019965,"-11.9%"
High Oil Price,"Electricity: Electric Power Sector Emissions: Sulfur Dioxide": High Oil Price,AEO.2025.HIGHPRICE.ENV_NA_ELEP_SDO_EMI_SDO_USA_MILLTON.A,"MMst",0.538019,0.499859,0.430044,0.38445,0.353284,0.330784,0.31875,0.293877,0.050734,0.049459,0.045277,0.041344,0.039788,0.03762,0.035614,0.023134,0.023433,0.023487,0.023682,0.024167,0.023564,0.024245,0.020843,0.020901,0.020979,0.020841,0.020105,"-11.9%"
Low Oil Price,"Electricity: Electric Power Sector Emissions: Sulfur Dioxide": Low Oil Price,AEO.2025.LOWPRICE.ENV_NA_ELEP_SDO_EMI_SDO_USA_MILLTON.A,"MMst",0.536865,0.523461,0.46748,0.424051,0.40396,0.380466,0.352716,0.342938,0.105491,0.098386,0.101864,0.101466,0.098526,0.08929,0.083076,0.055585,0.043366,0.042515,0.039123,0.03614,0.020762,0.016055,0.016241,0.016744,0.021891,0.022105,0.022349,"-11.5%"
Alternative Transportation,"Electricity: Electric Power Sector Emissions: Sulfur Dioxide": Alternative Transportation,AEO.2025.ALTTRNP.ENV_NA_ELEP_SDO_EMI_SDO_USA_MILLTON.A,"MMst",0.537808,0.512258,0.428227,0.368094,0.350202,0.341836,0.317254,0.301119,0.06019,0.060712,0.054985,0.050184,0.046186,0.044009,0.042228,0.02881,0.029104,0.029648,0.029976,0.030251,0.029511,0.029762,0.022708,0.022813,0.022157,0.021693,0.020327,"-11.8%"
Nitrogen Oxide (million short tons),"Electricity: Electric Power Sector Emissions: Nitrogen Oxide",,"MMst",,,,,,,,,,,,,,,,,,,,,,,,,,,,
Reference case,"Electricity: Electric Power Sector Emissions: Nitrogen Oxide": Reference case,AEO.2025.REF2025.ENV_NA_ELEP_NIO_EMI_NIO_USA_MILLTON.A,"MMst",0.708311,0.707792,0.587645,0.54637,0.505681,0.49115,0.499919,0.458686,0.298313,0.260677,0.246455,0.237449,0.217419,0.206519,0.196526,0.183483,0.191924,0.189209,0.192589,0.190443,0.192224,0.189805,0.190847,0.186396,0.185218,0.1844,0.18522,"-5.0%"
High Oil Price,"Electricity: Electric Power Sector Emissions: Nitrogen Oxide": High Oil Price,AEO.2025.HIGHPRICE.ENV_NA_ELEP_NIO_EMI_NIO_USA_MILLTON.A,"MMst",0.708311,0.669738,0.560198,0.540286,0.490535,0.475606,0.504159,0.477253,0.354544,0.324136,0.295838,0.283752,0.269074,0.24285,0.227605,0.198169,0.20448,0.199615,0.202342,0.201166,0.200852,0.201899,0.208528,0.207996,0.210615,0.201153,0.203091,"-4.7%"
Low Oil Price,"Electricity: Electric Power Sector Emissions: Nitrogen Oxide": Low Oil Price,AEO.2025.LOWPRICE.ENV_NA_ELEP_NIO_EMI_NIO_USA_MILLTON.A,"MMst",0.708311,0.678674,0.588374,0.569279,0.505944,0.492057,0.478979,0.459683,0.286859,0.256512,0.236492,0.228721,0.213018,0.19772,0.178913,0.162707,0.164281,0.156779,0.151159,0.150375,0.158699,0.1584,0.161112,0.160664,0.161261,0.163782,0.167161,"-5.4%"
Alternative Transportation,"Electricity: Electric Power Sector Emissions: Nitrogen Oxide": Alternative Transportation,AEO.2025.ALTTRNP.ENV_NA_ELEP_NIO_EMI_NIO_USA_MILLTON.A,"MMst",0.708311,0.69325,0.578784,0.546472,0.496429,0.467478,0.465942,0.422153,0.269368,0.240826,0.228224,0.215992,0.205718,0.200613,0.196296,0.184152,0.187415,0.190335,0.192288,0.19315,0.191663,0.188544,0.18714,0.184609,0.184247,0.183793,0.190465,"-4.9%"
Mercury (short tons),"Electricity: Electric Power Sector Emissions: Mercury",,"st",,,,,,,,,,,,,,,,,,,,,,,,,,,,
Reference case,"Electricity: Electric Power Sector Emissions: Mercury": Reference case,AEO.2025.REF2025.ENV_NA_ELEP_MER_EMI_MER_USA_TON.A,"st",2.996752,2.954385,2.516542,2.082943,1.974425,1.808773,1.505162,1.37314,0.217576,0.217124,0.201944,0.193915,0.175011,0.152212,0.137315,0.070714,0.070873,0.071017,0.069845,0.069891,0.051469,0.047702,0.013848,0.010014,0.010495,0.010595,0.009942,"-19.7%"
High Oil Price,"Electricity: Electric Power Sector Emissions: Mercury": High Oil Price,AEO.2025.HIGHPRICE.ENV_NA_ELEP_MER_EMI_MER_USA_TON.A,"st",3.001426,2.993253,2.354111,1.901534,1.779377,1.695538,1.444378,1.338979,0.218323,0.206339,0.195149,0.180939,0.16874,0.160341,0.150445,0.08653,0.086712,0.084117,0.084759,0.084958,0.075615,0.078262,0.06091,0.060126,0.06038,0.057164,0.039183,"-15.4%"
Low Oil Price,"Electricity: Electric Power Sector Emissions: Mercury": Low Oil Price,AEO.2025.LOWPRICE.ENV_NA_ELEP_MER_EMI_MER_USA_TON.A,"st",2.991573,2.97593,2.67611,2.277632,2.200973,2.001021,1.655633,1.601773,0.275583,0.266036,0.270801,0.268514,0.25401,0.241963,0.228424,0.0954,0.093544,0.090014,0.090064,0.092278,0.012731,0.00892,0.005938,0.006494,0.00705,0.007165,0.006153,"-21.2%"
Alternative Transportation,"Electricity: Electric Power Sector Emissions: Mercury": Alternative Transportation,AEO.2025.ALTTRNP.ENV_NA_ELEP_MER_EMI_MER_USA_TON.A,"st",2.997298,2.956128,2.504926,2.029778,1.939808,1.736547,1.444243,1.330411,0.228363,0.225726,0.209259,0.198148,0.178098,0.165385,0.156505,0.094204,0.094325,0.094556,0.092669,0.092802,0.081003,0.08108,0.027027,0.027573,0.026122,0.020418,0.014792,"-18.5%"