veh_19_co2_gpmi,veh_19_cost_dollars
139.212063,29069.77286
149.59843209375,27983.626156219627
159.9848011875,27528.870768544104
170.37117028125,27184.980933972383
180.757539375,26841.091099400663
