veh_25_co2_gpmi,veh_25_cost_dollars
36.50532427,33078.26627
36.289227725,33226.14244307793
36.07313118,33374.01861615586
35.857034635,33521.89478923379
35.64093809,33669.77096231172
