veh_8_co2_gpmi,veh_8_cost_dollars
237.604252,46222.380560000005
271.953189,42709.3327569652
306.302126,42087.79565018573
340.651063,41599.45917751128
375.0,41252.76839567991
