veh_12_co2_gpmi,veh_10_cost_dollars,veh_12_cost_dollars,veh_10_co2_gpmi
237.604252,60347.35944,45931.52065,41.70419207
254.7787205,60347.35944,43287.67053126116,41.70419207
271.953189,60347.35944,42438.93854133588,41.70419207
289.1276575,60347.35944,42122.20392596494,41.70419207
306.302126,60347.35944,41824.370261866075,41.70419207
237.604252,60543.814900259094,45931.52065,41.355649255
254.7787205,60543.814900259094,43287.67053126116,41.355649255
271.953189,60543.814900259094,42438.93854133588,41.355649255
289.1276575,60543.814900259094,42122.20392596494,41.355649255
306.302126,60543.814900259094,41824.370261866075,41.355649255
237.604252,60740.27036051819,45931.52065,41.00710644
254.7787205,60740.27036051819,43287.67053126116,41.00710644
271.953189,60740.27036051819,42438.93854133588,41.00710644
289.1276575,60740.27036051819,42122.20392596494,41.00710644
306.302126,60740.27036051819,41824.370261866075,41.00710644
237.604252,60936.72582077728,45931.52065,40.658563625
254.7787205,60936.72582077728,43287.67053126116,40.658563625
271.953189,60936.72582077728,42438.93854133588,40.658563625
289.1276575,60936.72582077728,42122.20392596494,40.658563625
306.302126,60936.72582077728,41824.370261866075,40.658563625
237.604252,61133.18128103638,45931.52065,40.31002081
254.7787205,61133.18128103638,43287.67053126116,40.31002081
271.953189,61133.18128103638,42438.93854133588,40.31002081
289.1276575,61133.18128103638,42122.20392596494,40.31002081
306.302126,61133.18128103638,41824.370261866075,40.31002081
