veh_52_co2_gpmi,veh_52_cost_dollars
237.604252,43134.330689999995
241.897869125,42462.60456548125
246.19148625,41790.8784409625
250.485103375,41119.15231644375
254.7787205,40545.49907255777
