veh_64_co2_gpmi,veh_64_cost_dollars
237.604252,42333.20016
241.897869125,41671.49963077898
246.19148625,41009.79910155795
250.485103375,40348.09857233692
254.7787205,39786.33396600963
