veh_6_co2_gpmi,veh_6_cost_dollars
40.31002081,61003.75408
45.4825156075,58046.205184189064
50.655010405,55088.65628837812
55.8275052025,53167.83828613722
61.0,51767.07222750263
