veh_42_cost_dollars,veh_44_cost_dollars,veh_44_co2_gpmi,veh_42_co2_gpmi
55507.92333,43677.95668,237.604252,46.80685889
55507.92333,42999.46257728331,241.897869125,46.80685889
55507.92333,42320.96847456661,246.19148625,46.80685889
55507.92333,41642.47437184992,250.485103375,46.80685889
55507.92333,41060.73832761784,254.7787205,46.80685889
55507.92333,43677.95668,237.604252,46.80685889
55507.92333,42999.46257728331,241.897869125,46.80685889
55507.92333,42320.96847456661,246.19148625,46.80685889
55507.92333,41642.47437184992,250.485103375,46.80685889
55507.92333,41060.73832761784,254.7787205,46.80685889
55507.92333,43677.95668,237.604252,46.80685889
55507.92333,42999.46257728331,241.897869125,46.80685889
55507.92333,42320.96847456661,246.19148625,46.80685889
55507.92333,41642.47437184992,250.485103375,46.80685889
55507.92333,41060.73832761784,254.7787205,46.80685889
55507.92333,43677.95668,237.604252,46.80685889
55507.92333,42999.46257728331,241.897869125,46.80685889
55507.92333,42320.96847456661,246.19148625,46.80685889
55507.92333,41642.47437184992,250.485103375,46.80685889
55507.92333,41060.73832761784,254.7787205,46.80685889
55507.92333,43677.95668,237.604252,46.80685889
55507.92333,42999.46257728331,241.897869125,46.80685889
55507.92333,42320.96847456661,246.19148625,46.80685889
55507.92333,41642.47437184992,250.485103375,46.80685889
55507.92333,41060.73832761784,254.7787205,46.80685889
