veh_62_co2_gpmi,veh_62_cost_dollars
46.80685889,52816.93552
46.80685889,52816.93552
46.80685889,52816.93552
46.80685889,52816.93552
46.80685889,52816.93552
