veh_30_co2_gpmi,veh_30_cost_dollars
46.80685889,57240.88524
52.390650755,54120.66675204045
57.97444262,51000.44826408091
63.558234485,49067.062711181155
69.14202635,47855.97696
