veh_54_co2_gpmi,veh_54_cost_dollars
46.80685889,53865.08998
52.390650755,50784.376712668105
57.97444262,47703.663445336206
63.558234485,45774.62022472263
69.14202635,44546.47687
