veh_6_co2_gpmi,veh_6_cost_dollars
40.31002081,61003.75408
45.893812675,57811.0321708836
51.47760454,54682.34179487348
57.061396405,52738.23478468369
62.64518827,51586.32611
