veh_33_co2_gpmi,veh_33_cost_dollars
36.50532427,32339.707410000003
38.665088440000005,30869.393226944045
40.82485261,29399.07904388809
42.98461678,28387.557223333337
45.14438095,27742.41135
