veh_12_co2_gpmi,veh_12_cost_dollars
237.604252,45931.52065
273.60795875,42391.34114814
309.6116655,41766.97737801847
345.61537225,41292.178379283105
381.619079,40932.95024
