veh_7_co2_gpmi,veh_7_cost_dollars
139.212063,29681.651169999997
167.85862775,27837.0298602273
196.5051925,26973.67527941444
225.15175725,26481.999544707214
253.798322,25990.32381
