veh_32_co2_gpmi,veh_32_cost_dollars
237.604252,44508.01757
273.60795875,41069.47883938949
309.6116655,40480.742700386785
345.61537225,40032.80698826963
381.619079,39693.6698
