veh_15_co2_gpmi,veh_15_cost_dollars
139.212063,29272.12338
167.85862775,27456.305355930937
196.5051925,26610.503980205332
225.15175725,26130.19766010267
253.798322,25649.89134
