veh_12_co2_gpmi,veh_12_cost_dollars
237.604252,45931.52065
246.19148625,44609.59559063058
254.7787205,43287.67053126115
263.36595475,42695.88661666439
271.953189,42438.93854133588
