veh_28_co2_gpmi,veh_28_cost_dollars
237.604252,44788.6677
242.434571265625,44009.90296359294
247.26489053125,43231.13822718589
252.095209796875,42452.37349077883
256.9255290625,41865.1763867627
