veh_15_co2_gpmi,veh_15_cost_dollars
139.212063,29272.12338
153.060555125,27951.214578875868
166.90904725,27488.06328544567
180.757539375,27024.911992015477
194.6060315,26642.34650789245
