veh_9_co2_gpmi,veh_9_cost_dollars
32.9920127,34643.42186
32.761974439999996,34804.234258789606
32.53193618,34965.0466575792
32.30189792,35125.8590563688
32.07185966,35286.6714551584
