veh_21_co2_gpmi,veh_21_cost_dollars
35.64093809,33458.28876
37.8007022575,31976.646160467742
39.960466425,30495.00356093548
42.1202305925,29479.104593680386
44.27999476,28835.132639999996
