veh_31_co2_gpmi,veh_31_cost_dollars
139.212063,28472.205469999997
167.85862775,26712.520056826575
196.5051925,25900.75020043355
225.15175725,25442.364140216778
253.798322,24983.97808
