veh_60_co2_gpmi,veh_60_cost_dollars
237.604252,42598.35644
273.60795875,39296.758008155535
309.6116655,38754.38177536579
345.61537225,38341.42524201192
381.619079,38028.47318
