veh_22_co2_gpmi,veh_22_cost_dollars
45.44057106,58449.46084
51.0243629225,55317.716134707625
56.608154785,52185.97142941525
62.1919466475,50253.01760138632
67.77573851,49049.6411
