veh_43_co2_gpmi,veh_43_cost_dollars
139.212063,27888.57439
167.85862775,26169.73393137394
196.5051925,25382.576432859536
225.15175725,24939.94124142977
253.798322,24497.30605
