veh_44_co2_gpmi,veh_44_cost_dollars
237.604252,43677.95668
273.60795875,40298.857285935184
309.6116655,39730.47543255418
345.61537225,39297.893893828936
381.619079,38970.24722
