veh_64_co2_gpmi,veh_64_cost_dollars
237.604252,42333.20016
273.60795875,39050.67014331424
309.6116655,38514.599681642256
345.61537225,38106.40311705412
381.619079,37797.01656
