veh_18_co2_gpmi,veh_18_cost_dollars
44.2694672,59070.48931
49.8532590625,55933.321913079955
55.437050924999994,52796.154516159906
61.020842787499994,50824.6682836306
66.60463465,49664.69318
