veh_58_co2_gpmi,veh_58_cost_dollars
46.80685889,53336.44971
52.390650755,50262.9681297936
57.97444262,47189.48654958718
63.558234485,45261.91666909755
69.14202635,44031.74215
