veh_45_co2_gpmi,veh_45_cost_dollars
36.50532427,31283.11058
36.50532427,31283.11058
36.50532427,31283.11058
36.50532427,31283.11058
36.50532427,31283.11058
