veh_29_co2_gpmi,veh_29_cost_dollars
36.50532427,32705.46217
36.50532427,32705.46217
36.50532427,32705.46217
36.50532427,32705.46217
36.50532427,32705.46217
