veh_12_co2_gpmi,veh_12_cost_dollars
237.604252,45931.52065
254.7787205,43287.67053126116
271.953189,42438.93854133588
289.1276575,42122.20392596494
306.302126,41824.370261866075
