veh_9_co2_gpmi,veh_9_cost_dollars
32.9920127,34643.42186
32.88977347333333,34714.89403723983
32.78753424666667,34786.36621447965
32.68529502,34857.838391719466
32.58305579333333,34929.31056895929
32.48081656666667,35000.78274619911
32.37857734,35072.25492343893
32.27633811333333,35143.727100678756
32.17409888666667,35215.199277918575
32.07185966,35286.6714551584
