veh_23_co2_gpmi,veh_23_cost_dollars
139.212063,28869.01235
149.59843209375,27790.778237683673
159.9848011875,27339.59651206039
170.37117028125,26999.14557332342
180.757539375,26658.69463458645
