veh_18_co2_gpmi,veh_18_cost_dollars
44.2694672,59070.48931
43.92789524,59262.396251197184
43.58632328,59454.30319239436
43.244751320000006,59646.21013359154
42.90317936,59838.11707478872
