veh_21_co2_gpmi,veh_21_cost_dollars
35.64093809,33458.28876
35.4039289775,33620.88188143502
35.166919865,33783.475002870044
34.9299107525,33946.068124305064
34.69290164,34108.661245740084
