veh_11_cost_dollars,veh_11_co2_gpmi,veh_9_co2_gpmi,veh_9_cost_dollars
29476.07805,139.212063,32.9920127,34643.42186
28145.829055594477,153.060555125,32.9920127,34643.42186
27677.999468723767,166.90904725,32.9920127,34643.42186
27210.169881853053,180.757539375,32.9920127,34643.42186
26823.60544832644,194.6060315,32.9920127,34643.42186
29476.07805,139.212063,34.744009524999996,33418.656848736166
28145.829055594477,153.060555125,34.744009524999996,33418.656848736166
27677.999468723767,166.90904725,34.744009524999996,33418.656848736166
27210.169881853053,180.757539375,34.744009524999996,33418.656848736166
26823.60544832644,194.6060315,34.744009524999996,33418.656848736166
29476.07805,139.212063,36.49600635,32193.89183747233
28145.829055594477,153.060555125,36.49600635,32193.89183747233
27677.999468723767,166.90904725,36.49600635,32193.89183747233
27210.169881853053,180.757539375,36.49600635,32193.89183747233
26823.60544832644,194.6060315,36.49600635,32193.89183747233
29476.07805,139.212063,38.248003175,31166.42190154613
28145.829055594477,153.060555125,38.248003175,31166.42190154613
27677.999468723767,166.90904725,38.248003175,31166.42190154613
27210.169881853053,180.757539375,38.248003175,31166.42190154613
26823.60544832644,194.6060315,38.248003175,31166.42190154613
29476.07805,139.212063,40.0,30421.417048722185
28145.829055594477,153.060555125,40.0,30421.417048722185
27677.999468723767,166.90904725,40.0,30421.417048722185
27210.169881853053,180.757539375,40.0,30421.417048722185
26823.60544832644,194.6060315,40.0,30421.417048722185
