veh_36_co2_gpmi,veh_36_cost_dollars
237.604252,44229.359789999995
241.897869125,43544.02951572175
246.19148625,42858.6992414435
250.485103375,42173.368967165254
254.7787205,41583.42192178593
