veh_32_co2_gpmi,veh_32_cost_dollars
237.604252,44508.01757
242.434571265625,43733.14665767461
247.26489053125,42958.27574534923
252.095209796875,42183.40483302385
256.9255290625,41601.581922748665
