veh_10_co2_gpmi,veh_10_cost_dollars
41.70419207,60347.35944
41.355649255,60543.814900259094
41.00710644,60740.27036051819
40.658563625,60936.72582077728
40.31002081,61133.18128103638
