veh_61_co2_gpmi,veh_61_cost_dollars
36.50532427,29963.455339999997
36.50532427,29963.455339999997
36.50532427,29963.455339999997
36.50532427,29963.455339999997
36.50532427,29963.455339999997
