veh_23_co2_gpmi,veh_23_cost_dollars
139.212063,28869.01235
147.0018398203125,27989.34035675004
154.791616640625,27509.82198142888
162.58139346093748,27254.48377737615
170.37117028125,26999.14557332342
