veh_28_co2_gpmi,veh_28_cost_dollars
237.604252,44788.6677
241.897869125,44096.43237874928
246.19148625,43404.19705749857
250.485103375,42711.96173624785
254.7787205,42113.673253674635
