veh_26_co2_gpmi,veh_26_cost_dollars
46.80685889,57839.67941
46.4652869325,58030.908878452334
46.123714975,58222.13834690466
45.782143017500005,58413.36781535699
45.44057106,58604.59728380932
