veh_44_co2_gpmi,veh_44_cost_dollars
237.604252,43677.95668
241.897869125,42999.46257728331
246.19148625,42320.96847456661
250.485103375,41642.47437184992
254.7787205,41060.73832761784
