veh_59_co2_gpmi,veh_59_cost_dollars
139.212063,27131.45081
147.0018398203125,26311.403542361782
154.791616640625,25856.729772631683
162.58139346093748,25623.473920853252
170.37117028125,25390.21806907482
