veh_22_co2_gpmi,veh_22_cost_dollars
45.44057106,58449.46084
45.147795095000006,58613.66817451463
44.85501913,58777.87550902926
44.562243165,58942.082843543896
44.2694672,59106.29017805853
