veh_9_co2_gpmi,veh_9_cost_dollars
32.9920127,34643.42186
34.744009524999996,33418.656848736166
36.49600635,32193.89183747233
38.248003175,31166.42190154613
40.0,30421.417048722185
