veh_38_co2_gpmi,veh_38_cost_dollars
46.80685889,56075.25132999999
49.288544163333334,54693.99181174056
51.77022943666667,53312.73229348113
54.25191471,51931.47277522171
56.733599983333335,50550.21325696228
59.21528525666666,49380.66441786957
61.696970529999994,48549.852665
64.17865580333333,47719.04091213043
66.66034107666667,47094.18842533362
69.14202635,46708.99906
