veh_26_co2_gpmi,veh_26_cost_dollars
46.80685889,57839.67941
52.390650755,54713.586863915065
57.97444262,51587.49431783012
63.558234485,49654.19869055612
69.14202635,48446.8325
