veh_35_co2_gpmi,veh_35_cost_dollars
139.212063,28276.131489999996
167.85862775,26530.178698868534
196.5051925,25726.69823468458
225.15175725,25273.62672734229
253.798322,24820.55522
