veh_41_co2_gpmi,veh_41_cost_dollars
36.50532427,31628.69045
38.665088440000005,30166.27710331433
40.82485261,28703.863756628663
42.98461678,27695.666323333335
45.14438095,27050.19023
