veh_17_co2_gpmi,veh_17_cost_dollars
34.69290164,33845.70297
36.8526658075,32360.43432188843
39.012429975,30875.165673776864
41.1721941425,29857.9810956247
43.33195831,29214.5925
