veh_20_co2_gpmi,veh_20_cost_dollars
237.604252,45356.01049
273.60795875,41856.879175967326
309.6116655,41247.02859522108
345.61537225,40783.17072095987
381.619079,40432.12352
