veh_9_co2_gpmi,veh_9_cost_dollars
32.9920127,34643.42186
35.1517768675,33133.59972608411
37.311541035,31623.77759216822
39.4713052025,30646.234916072073
41.63106937,29997.4698
