veh_14_co2_gpmi,veh_14_cost_dollars
42.90317936,59703.031160000006
48.486971225000005,56560.67830491396
54.07076309,53418.32544982793
59.654554955,51447.51144343029
65.23834682,50292.28652
